--
-- PostgreSQL database dump
--

-- Dumped from database version 14.10 (Ubuntu 14.10-0ubuntu0.22.04.1)
-- Dumped by pg_dump version 14.10 (Ubuntu 14.10-0ubuntu0.22.04.1)

SET statement_timeout = 0;
SET lock_timeout = 0;
SET idle_in_transaction_session_timeout = 0;
SET client_encoding = 'UTF8';
SET standard_conforming_strings = on;
SELECT pg_catalog.set_config('search_path', '', false);
SET check_function_bodies = false;
SET xmloption = content;
SET client_min_messages = warning;
SET row_security = off;

SET default_tablespace = '';

SET default_table_access_method = heap;

--
-- Name: app_macky_attribute; Type: TABLE; Schema: public; Owner: postgres
--

CREATE TABLE public.app_macky_attribute (
    id bigint NOT NULL,
    name character varying(255) NOT NULL,
    type character varying(100) NOT NULL,
    created_at timestamp with time zone NOT NULL,
    updated_at timestamp with time zone NOT NULL
);


ALTER TABLE public.app_macky_attribute OWNER TO postgres;

--
-- Name: app_macky_attribute_id_seq; Type: SEQUENCE; Schema: public; Owner: postgres
--

ALTER TABLE public.app_macky_attribute ALTER COLUMN id ADD GENERATED BY DEFAULT AS IDENTITY (
    SEQUENCE NAME public.app_macky_attribute_id_seq
    START WITH 1
    INCREMENT BY 1
    NO MINVALUE
    NO MAXVALUE
    CACHE 1
);


--
-- Name: app_macky_form; Type: TABLE; Schema: public; Owner: postgres
--

CREATE TABLE public.app_macky_form (
    id bigint NOT NULL,
    form_name character varying(255) NOT NULL,
    created_at timestamp with time zone NOT NULL,
    updated_at timestamp with time zone NOT NULL,
    included_in_gallery boolean NOT NULL
);


ALTER TABLE public.app_macky_form OWNER TO postgres;

--
-- Name: app_macky_form_id_seq; Type: SEQUENCE; Schema: public; Owner: postgres
--

ALTER TABLE public.app_macky_form ALTER COLUMN id ADD GENERATED BY DEFAULT AS IDENTITY (
    SEQUENCE NAME public.app_macky_form_id_seq
    START WITH 1
    INCREMENT BY 1
    NO MINVALUE
    NO MAXVALUE
    CACHE 1
);


--
-- Name: app_macky_formattribute; Type: TABLE; Schema: public; Owner: postgres
--

CREATE TABLE public.app_macky_formattribute (
    id bigint NOT NULL,
    attribute_id bigint NOT NULL,
    form_id bigint NOT NULL,
    display_in_gallery boolean NOT NULL,
    created_at timestamp with time zone NOT NULL,
    updated_at timestamp with time zone NOT NULL,
    required boolean NOT NULL
);


ALTER TABLE public.app_macky_formattribute OWNER TO postgres;

--
-- Name: app_macky_formattribute_id_seq; Type: SEQUENCE; Schema: public; Owner: postgres
--

ALTER TABLE public.app_macky_formattribute ALTER COLUMN id ADD GENERATED BY DEFAULT AS IDENTITY (
    SEQUENCE NAME public.app_macky_formattribute_id_seq
    START WITH 1
    INCREMENT BY 1
    NO MINVALUE
    NO MAXVALUE
    CACHE 1
);


--
-- Name: app_macky_formattributedata; Type: TABLE; Schema: public; Owner: postgres
--

CREATE TABLE public.app_macky_formattributedata (
    id bigint NOT NULL,
    value character varying(255),
    form_attribute_id bigint NOT NULL,
    record_id bigint,
    created_at timestamp with time zone NOT NULL,
    updated_at timestamp with time zone NOT NULL
);


ALTER TABLE public.app_macky_formattributedata OWNER TO postgres;

--
-- Name: app_macky_formattributedata_id_seq; Type: SEQUENCE; Schema: public; Owner: postgres
--

ALTER TABLE public.app_macky_formattributedata ALTER COLUMN id ADD GENERATED BY DEFAULT AS IDENTITY (
    SEQUENCE NAME public.app_macky_formattributedata_id_seq
    START WITH 1
    INCREMENT BY 1
    NO MINVALUE
    NO MAXVALUE
    CACHE 1
);


--
-- Name: app_macky_gallery; Type: TABLE; Schema: public; Owner: postgres
--

CREATE TABLE public.app_macky_gallery (
    id bigint NOT NULL,
    created_at timestamp with time zone NOT NULL,
    updated_at timestamp with time zone NOT NULL,
    form_id bigint NOT NULL,
    gallery_name character varying(255) NOT NULL
);


ALTER TABLE public.app_macky_gallery OWNER TO postgres;

--
-- Name: app_macky_gallery_id_seq; Type: SEQUENCE; Schema: public; Owner: postgres
--

ALTER TABLE public.app_macky_gallery ALTER COLUMN id ADD GENERATED BY DEFAULT AS IDENTITY (
    SEQUENCE NAME public.app_macky_gallery_id_seq
    START WITH 1
    INCREMENT BY 1
    NO MINVALUE
    NO MAXVALUE
    CACHE 1
);


--
-- Name: app_macky_record; Type: TABLE; Schema: public; Owner: postgres
--

CREATE TABLE public.app_macky_record (
    id bigint NOT NULL,
    created_at timestamp with time zone NOT NULL,
    updated_at timestamp with time zone NOT NULL,
    user_id integer,
    description text NOT NULL,
    form_id bigint
);


ALTER TABLE public.app_macky_record OWNER TO postgres;

--
-- Name: app_macky_record_id_seq; Type: SEQUENCE; Schema: public; Owner: postgres
--

ALTER TABLE public.app_macky_record ALTER COLUMN id ADD GENERATED BY DEFAULT AS IDENTITY (
    SEQUENCE NAME public.app_macky_record_id_seq
    START WITH 1
    INCREMENT BY 1
    NO MINVALUE
    NO MAXVALUE
    CACHE 1
);


--
-- Name: app_macky_recordcomment; Type: TABLE; Schema: public; Owner: postgres
--

CREATE TABLE public.app_macky_recordcomment (
    id bigint NOT NULL,
    comment text NOT NULL,
    created_at timestamp with time zone NOT NULL,
    record_id bigint,
    user_id integer,
    updated_at timestamp with time zone NOT NULL,
    aproved_by_admin boolean NOT NULL
);


ALTER TABLE public.app_macky_recordcomment OWNER TO postgres;

--
-- Name: app_macky_recordcomment_id_seq; Type: SEQUENCE; Schema: public; Owner: postgres
--

ALTER TABLE public.app_macky_recordcomment ALTER COLUMN id ADD GENERATED BY DEFAULT AS IDENTITY (
    SEQUENCE NAME public.app_macky_recordcomment_id_seq
    START WITH 1
    INCREMENT BY 1
    NO MINVALUE
    NO MAXVALUE
    CACHE 1
);


--
-- Name: app_macky_vote; Type: TABLE; Schema: public; Owner: postgres
--

CREATE TABLE public.app_macky_vote (
    id bigint NOT NULL,
    created_at timestamp with time zone NOT NULL,
    updated_at timestamp with time zone NOT NULL,
    vote_type character varying(10) NOT NULL,
    record_id bigint NOT NULL,
    user_id integer NOT NULL
);


ALTER TABLE public.app_macky_vote OWNER TO postgres;

--
-- Name: app_macky_vote_id_seq; Type: SEQUENCE; Schema: public; Owner: postgres
--

ALTER TABLE public.app_macky_vote ALTER COLUMN id ADD GENERATED BY DEFAULT AS IDENTITY (
    SEQUENCE NAME public.app_macky_vote_id_seq
    START WITH 1
    INCREMENT BY 1
    NO MINVALUE
    NO MAXVALUE
    CACHE 1
);


--
-- Name: auth_group; Type: TABLE; Schema: public; Owner: postgres
--

CREATE TABLE public.auth_group (
    id integer NOT NULL,
    name character varying(150) NOT NULL
);


ALTER TABLE public.auth_group OWNER TO postgres;

--
-- Name: auth_group_id_seq; Type: SEQUENCE; Schema: public; Owner: postgres
--

ALTER TABLE public.auth_group ALTER COLUMN id ADD GENERATED BY DEFAULT AS IDENTITY (
    SEQUENCE NAME public.auth_group_id_seq
    START WITH 1
    INCREMENT BY 1
    NO MINVALUE
    NO MAXVALUE
    CACHE 1
);


--
-- Name: auth_group_permissions; Type: TABLE; Schema: public; Owner: postgres
--

CREATE TABLE public.auth_group_permissions (
    id bigint NOT NULL,
    group_id integer NOT NULL,
    permission_id integer NOT NULL
);


ALTER TABLE public.auth_group_permissions OWNER TO postgres;

--
-- Name: auth_group_permissions_id_seq; Type: SEQUENCE; Schema: public; Owner: postgres
--

ALTER TABLE public.auth_group_permissions ALTER COLUMN id ADD GENERATED BY DEFAULT AS IDENTITY (
    SEQUENCE NAME public.auth_group_permissions_id_seq
    START WITH 1
    INCREMENT BY 1
    NO MINVALUE
    NO MAXVALUE
    CACHE 1
);


--
-- Name: auth_permission; Type: TABLE; Schema: public; Owner: postgres
--

CREATE TABLE public.auth_permission (
    id integer NOT NULL,
    name character varying(255) NOT NULL,
    content_type_id integer NOT NULL,
    codename character varying(100) NOT NULL
);


ALTER TABLE public.auth_permission OWNER TO postgres;

--
-- Name: auth_permission_id_seq; Type: SEQUENCE; Schema: public; Owner: postgres
--

ALTER TABLE public.auth_permission ALTER COLUMN id ADD GENERATED BY DEFAULT AS IDENTITY (
    SEQUENCE NAME public.auth_permission_id_seq
    START WITH 1
    INCREMENT BY 1
    NO MINVALUE
    NO MAXVALUE
    CACHE 1
);


--
-- Name: auth_user; Type: TABLE; Schema: public; Owner: postgres
--

CREATE TABLE public.auth_user (
    id integer NOT NULL,
    password character varying(128) NOT NULL,
    last_login timestamp with time zone,
    is_superuser boolean NOT NULL,
    username character varying(150) NOT NULL,
    first_name character varying(150) NOT NULL,
    last_name character varying(150) NOT NULL,
    email character varying(254) NOT NULL,
    is_staff boolean NOT NULL,
    is_active boolean NOT NULL,
    date_joined timestamp with time zone NOT NULL
);


ALTER TABLE public.auth_user OWNER TO postgres;

--
-- Name: auth_user_groups; Type: TABLE; Schema: public; Owner: postgres
--

CREATE TABLE public.auth_user_groups (
    id bigint NOT NULL,
    user_id integer NOT NULL,
    group_id integer NOT NULL
);


ALTER TABLE public.auth_user_groups OWNER TO postgres;

--
-- Name: auth_user_groups_id_seq; Type: SEQUENCE; Schema: public; Owner: postgres
--

ALTER TABLE public.auth_user_groups ALTER COLUMN id ADD GENERATED BY DEFAULT AS IDENTITY (
    SEQUENCE NAME public.auth_user_groups_id_seq
    START WITH 1
    INCREMENT BY 1
    NO MINVALUE
    NO MAXVALUE
    CACHE 1
);


--
-- Name: auth_user_id_seq; Type: SEQUENCE; Schema: public; Owner: postgres
--

ALTER TABLE public.auth_user ALTER COLUMN id ADD GENERATED BY DEFAULT AS IDENTITY (
    SEQUENCE NAME public.auth_user_id_seq
    START WITH 1
    INCREMENT BY 1
    NO MINVALUE
    NO MAXVALUE
    CACHE 1
);


--
-- Name: auth_user_user_permissions; Type: TABLE; Schema: public; Owner: postgres
--

CREATE TABLE public.auth_user_user_permissions (
    id bigint NOT NULL,
    user_id integer NOT NULL,
    permission_id integer NOT NULL
);


ALTER TABLE public.auth_user_user_permissions OWNER TO postgres;

--
-- Name: auth_user_user_permissions_id_seq; Type: SEQUENCE; Schema: public; Owner: postgres
--

ALTER TABLE public.auth_user_user_permissions ALTER COLUMN id ADD GENERATED BY DEFAULT AS IDENTITY (
    SEQUENCE NAME public.auth_user_user_permissions_id_seq
    START WITH 1
    INCREMENT BY 1
    NO MINVALUE
    NO MAXVALUE
    CACHE 1
);


--
-- Name: django_admin_log; Type: TABLE; Schema: public; Owner: postgres
--

CREATE TABLE public.django_admin_log (
    id integer NOT NULL,
    action_time timestamp with time zone NOT NULL,
    object_id text,
    object_repr character varying(200) NOT NULL,
    action_flag smallint NOT NULL,
    change_message text NOT NULL,
    content_type_id integer,
    user_id integer NOT NULL,
    CONSTRAINT django_admin_log_action_flag_check CHECK ((action_flag >= 0))
);


ALTER TABLE public.django_admin_log OWNER TO postgres;

--
-- Name: django_admin_log_id_seq; Type: SEQUENCE; Schema: public; Owner: postgres
--

ALTER TABLE public.django_admin_log ALTER COLUMN id ADD GENERATED BY DEFAULT AS IDENTITY (
    SEQUENCE NAME public.django_admin_log_id_seq
    START WITH 1
    INCREMENT BY 1
    NO MINVALUE
    NO MAXVALUE
    CACHE 1
);


--
-- Name: django_content_type; Type: TABLE; Schema: public; Owner: postgres
--

CREATE TABLE public.django_content_type (
    id integer NOT NULL,
    app_label character varying(100) NOT NULL,
    model character varying(100) NOT NULL
);


ALTER TABLE public.django_content_type OWNER TO postgres;

--
-- Name: django_content_type_id_seq; Type: SEQUENCE; Schema: public; Owner: postgres
--

ALTER TABLE public.django_content_type ALTER COLUMN id ADD GENERATED BY DEFAULT AS IDENTITY (
    SEQUENCE NAME public.django_content_type_id_seq
    START WITH 1
    INCREMENT BY 1
    NO MINVALUE
    NO MAXVALUE
    CACHE 1
);


--
-- Name: django_migrations; Type: TABLE; Schema: public; Owner: postgres
--

CREATE TABLE public.django_migrations (
    id bigint NOT NULL,
    app character varying(255) NOT NULL,
    name character varying(255) NOT NULL,
    applied timestamp with time zone NOT NULL
);


ALTER TABLE public.django_migrations OWNER TO postgres;

--
-- Name: django_migrations_id_seq; Type: SEQUENCE; Schema: public; Owner: postgres
--

ALTER TABLE public.django_migrations ALTER COLUMN id ADD GENERATED BY DEFAULT AS IDENTITY (
    SEQUENCE NAME public.django_migrations_id_seq
    START WITH 1
    INCREMENT BY 1
    NO MINVALUE
    NO MAXVALUE
    CACHE 1
);


--
-- Name: django_session; Type: TABLE; Schema: public; Owner: postgres
--

CREATE TABLE public.django_session (
    session_key character varying(40) NOT NULL,
    session_data text NOT NULL,
    expire_date timestamp with time zone NOT NULL
);


ALTER TABLE public.django_session OWNER TO postgres;

--
-- Data for Name: app_macky_attribute; Type: TABLE DATA; Schema: public; Owner: postgres
--

COPY public.app_macky_attribute (id, name, type, created_at, updated_at) FROM stdin;
9	height	int	2024-05-03 21:24:35.982468+02	2024-05-03 21:24:35.98248+02
10	image	image_url	2024-05-03 21:24:56.971865+02	2024-05-03 21:24:56.971871+02
11	weight	int	2024-05-03 21:25:23.297043+02	2024-05-03 21:25:23.297053+02
12	age	int	2024-05-03 21:25:27.75676+02	2024-05-03 21:25:27.756772+02
13	front_image	image_url	2024-05-04 21:26:48.188077+02	2024-05-04 21:26:48.18809+02
14	colour	str	2024-05-04 21:26:59.014443+02	2024-05-04 21:26:59.01445+02
\.


--
-- Data for Name: app_macky_form; Type: TABLE DATA; Schema: public; Owner: postgres
--

COPY public.app_macky_form (id, form_name, created_at, updated_at, included_in_gallery) FROM stdin;
22	xxxx	2024-05-05 14:44:39.280275+02	2024-05-05 14:44:39.280287+02	t
18	cat2_form	2024-05-03 21:25:59.787045+02	2024-05-03 21:25:59.787056+02	t
20	cat3_form	2024-05-03 22:23:39.574004+02	2024-05-03 22:23:39.574018+02	t
19	cat1_form	2024-05-03 21:56:32.066453+02	2024-05-03 21:56:32.066461+02	t
21	ranodm	2024-05-04 21:37:19.447843+02	2024-05-04 21:37:19.44785+02	t
\.


--
-- Data for Name: app_macky_formattribute; Type: TABLE DATA; Schema: public; Owner: postgres
--

COPY public.app_macky_formattribute (id, attribute_id, form_id, display_in_gallery, created_at, updated_at, required) FROM stdin;
117	10	20	t	2024-05-03 22:23:39.602+02	2024-05-03 22:23:39.602014+02	f
118	9	20	t	2024-05-03 22:23:39.604943+02	2024-05-03 22:23:39.604949+02	t
119	11	20	t	2024-05-03 22:23:39.607477+02	2024-05-03 22:23:39.607484+02	t
120	12	20	t	2024-05-03 22:23:39.609687+02	2024-05-03 22:23:39.609717+02	t
113	9	19	t	2024-05-03 21:56:32.088309+02	2024-05-03 21:56:32.088323+02	t
114	10	19	t	2024-05-03 21:56:32.093131+02	2024-05-03 21:56:32.093143+02	t
115	11	19	t	2024-05-03 21:56:32.097396+02	2024-05-03 21:56:32.097408+02	t
116	12	19	t	2024-05-03 21:56:32.102155+02	2024-05-03 21:56:32.10217+02	t
106	10	18	t	2024-05-03 21:28:54.214597+02	2024-05-03 21:28:54.214604+02	t
107	9	18	t	2024-05-03 21:28:54.217179+02	2024-05-03 21:28:54.217184+02	f
108	11	18	t	2024-05-03 21:28:54.219113+02	2024-05-03 21:28:54.219119+02	f
109	12	18	t	2024-05-03 21:28:54.221477+02	2024-05-03 21:28:54.221482+02	f
121	10	21	t	2024-05-04 21:37:19.464104+02	2024-05-04 21:37:19.464119+02	t
122	11	21	t	2024-05-04 21:37:19.468956+02	2024-05-04 21:37:19.468966+02	t
123	9	22	f	2024-05-05 14:44:39.31148+02	2024-05-05 14:44:39.311492+02	t
124	10	22	t	2024-05-05 14:44:39.316+02	2024-05-05 14:44:39.316009+02	t
125	12	22	t	2024-05-05 14:44:39.319877+02	2024-05-05 14:44:39.319887+02	t
126	13	22	t	2024-05-05 14:44:39.322752+02	2024-05-05 14:44:39.322763+02	f
\.


--
-- Data for Name: app_macky_formattributedata; Type: TABLE DATA; Schema: public; Owner: postgres
--

COPY public.app_macky_formattributedata (id, value, form_attribute_id, record_id, created_at, updated_at) FROM stdin;
240	22	113	55	2024-05-03 22:07:24.076151+02	2024-05-03 22:07:24.076158+02
241	222	115	55	2024-05-03 22:07:24.08024+02	2024-05-03 22:07:24.080247+02
242	22	116	55	2024-05-03 22:07:24.083608+02	2024-05-03 22:07:24.083615+02
243	/media/math2.jpeg	114	55	2024-05-03 22:07:24.0877+02	2024-05-03 22:07:24.087715+02
236	45	107	54	2024-05-03 21:55:00.623326+02	2024-05-03 21:55:00.623338+02
237	455	108	54	2024-05-03 21:55:00.631048+02	2024-05-03 21:55:00.63106+02
238	4	109	54	2024-05-03 21:55:00.638112+02	2024-05-03 21:55:00.638124+02
239	/media/pes.png	106	54	2024-05-03 21:55:00.648437+02	2024-05-03 21:55:00.648452+02
244	hhh	113	56	2024-05-03 22:23:07.933069+02	2024-05-03 22:23:07.93308+02
245	hhh	115	56	2024-05-03 22:23:07.94083+02	2024-05-03 22:23:07.940842+02
246	hhh	116	56	2024-05-03 22:23:07.947462+02	2024-05-03 22:23:07.947476+02
247	/media/math3.png	114	56	2024-05-03 22:23:07.954833+02	2024-05-03 22:23:07.954848+02
251	ggg	118	58	2024-05-03 22:28:01.422623+02	2024-05-03 22:28:01.422633+02
252	g	119	58	2024-05-03 22:28:01.427428+02	2024-05-03 22:28:01.427438+02
253	gg	120	58	2024-05-03 22:28:01.432591+02	2024-05-03 22:28:01.432601+02
254	/media/vlaky.png	117	58	2024-05-03 22:28:01.439576+02	2024-05-03 22:28:01.439587+02
287	ss	122	71	2024-05-05 14:21:10.965894+02	2024-05-05 14:21:10.965906+02
288	/media/atom.jpeg	121	71	2024-05-05 14:21:10.974222+02	2024-05-05 14:21:10.974232+02
289	bbb	122	72	2024-05-05 14:22:10.975002+02	2024-05-05 14:22:10.97501+02
290	bbb	122	73	2024-05-05 14:23:55.166744+02	2024-05-05 14:23:55.166752+02
291	bbb	122	74	2024-05-05 14:25:03.206882+02	2024-05-05 14:25:03.206888+02
267	f	118	63	2024-05-03 22:43:21.465055+02	2024-05-03 22:43:21.465066+02
292	bbb	122	75	2024-05-05 14:26:09.7834+02	2024-05-05 14:26:09.783413+02
293	bb	122	76	2024-05-05 14:27:15.305691+02	2024-05-05 14:27:15.305702+02
268	ff	119	63	2024-05-03 22:43:21.472015+02	2024-05-03 22:43:21.472029+02
269	f	120	63	2024-05-03 22:43:21.47891+02	2024-05-03 22:43:21.478921+02
270		117	63	2024-05-03 22:43:21.487838+02	2024-05-03 22:43:21.48785+02
271	jkhjk	122	64	2024-05-04 21:52:19.902374+02	2024-05-04 21:52:19.902382+02
272	/media/kosik_zhrnutie2.png	121	64	2024-05-04 21:52:19.909148+02	2024-05-04 21:52:19.909154+02
273	45	107	65	2024-05-04 22:24:06.578655+02	2024-05-04 22:24:06.578663+02
274	54	108	65	2024-05-04 22:24:06.582196+02	2024-05-04 22:24:06.582202+02
275	45	109	65	2024-05-04 22:24:06.585377+02	2024-05-04 22:24:06.585384+02
294	bb	122	77	2024-05-05 14:28:10.59801+02	2024-05-05 14:28:10.598016+02
295	/media/admin_pouzivatelia.png	121	77	2024-05-05 14:28:10.602802+02	2024-05-05 14:28:10.602809+02
276	/media/c_parser.png	106	65	2024-05-04 22:24:06.589833+02	2024-05-04 22:24:06.589841+02
279	hh	122	67	2024-05-05 14:20:21.044258+02	2024-05-05 14:20:21.044267+02
280	/media/kosik_zhrnutie.png	121	67	2024-05-05 14:20:21.050265+02	2024-05-05 14:20:21.050278+02
281	gg	122	68	2024-05-05 14:20:31.115808+02	2024-05-05 14:20:31.115818+02
282	/media/kosik_doprava_platba2.png	121	68	2024-05-05 14:20:31.121365+02	2024-05-05 14:20:31.121377+02
285	dd	122	70	2024-05-05 14:20:50.156464+02	2024-05-05 14:20:50.156471+02
286	/media/DBS_R_pr2.png	121	70	2024-05-05 14:20:50.161013+02	2024-05-05 14:20:50.161024+02
\.


--
-- Data for Name: app_macky_gallery; Type: TABLE DATA; Schema: public; Owner: postgres
--

COPY public.app_macky_gallery (id, created_at, updated_at, form_id, gallery_name) FROM stdin;
30	2024-05-03 22:23:45.788406+02	2024-05-03 22:23:45.788418+02	20	gal3
29	2024-05-03 22:07:00.516673+02	2024-05-03 22:07:00.516681+02	19	gal1
32	2024-05-04 21:44:35.520351+02	2024-05-04 21:44:35.520363+02	21	rrrrr
33	2024-05-05 14:44:49.272606+02	2024-05-05 14:44:49.272614+02	22	gal_xxx
25	2024-05-03 21:26:34.980091+02	2024-05-03 21:26:34.98011+02	18	gal2
\.


--
-- Data for Name: app_macky_record; Type: TABLE DATA; Schema: public; Owner: postgres
--

COPY public.app_macky_record (id, created_at, updated_at, user_id, description, form_id) FROM stdin;
63	2024-05-03 22:43:21.451874+02	2024-05-03 22:43:21.451893+02	25	ffff	20
64	2024-05-04 21:52:19.894299+02	2024-05-04 21:52:19.894306+02	25	jhklhjkh	21
65	2024-05-04 22:24:06.571217+02	2024-05-04 22:24:06.571225+02	24	random thing	18
67	2024-05-05 14:20:21.034132+02	2024-05-05 14:20:21.034145+02	23	hh	21
68	2024-05-05 14:20:31.105427+02	2024-05-05 14:20:31.105438+02	23	gg	21
70	2024-05-05 14:20:50.150219+02	2024-05-05 14:20:50.150228+02	23	dd	21
71	2024-05-05 14:21:10.95399+02	2024-05-05 14:21:10.954003+02	23	ss	21
72	2024-05-05 14:22:10.967924+02	2024-05-05 14:22:10.967929+02	25	bbb	21
73	2024-05-05 14:23:55.145737+02	2024-05-05 14:23:55.145744+02	25	bbb	21
74	2024-05-05 14:25:03.199242+02	2024-05-05 14:25:03.19925+02	25	bbb	21
75	2024-05-05 14:26:09.771253+02	2024-05-05 14:26:09.771263+02	25	bbb	21
76	2024-05-05 14:27:15.293313+02	2024-05-05 14:27:15.293327+02	24	bb	21
77	2024-05-05 14:28:10.590055+02	2024-05-05 14:28:10.590061+02	24	bb	21
55	2024-05-03 22:07:24.066985+02	2024-05-03 22:07:24.066992+02	21	22222	19
54	2024-05-03 21:55:00.609837+02	2024-05-03 21:55:00.60985+02	23	pes	18
56	2024-05-03 22:23:07.919557+02	2024-05-03 22:23:07.919569+02	25	hhh	19
58	2024-05-03 22:28:01.410635+02	2024-05-03 22:28:01.410645+02	25	gggg	20
\.


--
-- Data for Name: app_macky_recordcomment; Type: TABLE DATA; Schema: public; Owner: postgres
--

COPY public.app_macky_recordcomment (id, comment, created_at, record_id, user_id, updated_at, aproved_by_admin) FROM stdin;
91	gggg	2024-05-03 22:28:01.441569+02	58	25	2024-05-03 22:28:01.44158+02	t
93	fjkjkl	2024-05-03 22:43:21.491485+02	63	25	2024-05-03 22:43:21.491496+02	t
95	hjkasdfasfsdaf	2024-05-04 21:52:19.910595+02	64	25	2024-05-04 21:52:19.910601+02	t
96	super	2024-05-04 21:52:59.207383+02	64	24	2024-05-04 21:52:59.207393+02	t
97	skjajhfsjhhahahahahhahahaha	2024-05-04 22:24:06.591494+02	65	24	2024-05-04 22:24:06.591501+02	t
99	hhh	2024-05-05 14:20:21.052546+02	67	23	2024-05-05 14:20:21.052558+02	t
100	ggg	2024-05-05 14:20:31.123269+02	68	23	2024-05-05 14:20:31.123307+02	t
102	ddd	2024-05-05 14:20:50.167557+02	70	23	2024-05-05 14:20:50.167569+02	t
103	sss	2024-05-05 14:21:10.97663+02	71	23	2024-05-05 14:21:10.976642+02	t
104	hjasklhfjk	2024-05-05 14:21:56.46353+02	71	25	2024-05-05 14:21:56.463537+02	t
105	bbb	2024-05-05 14:28:10.604643+02	77	24	2024-05-05 14:28:10.60465+02	t
84	paci sa mi	2024-05-03 22:11:06.303595+02	54	25	2024-05-03 22:11:06.303602+02	t
85	nepaci sa mi to	2024-05-03 22:11:21.859645+02	55	25	2024-05-03 22:11:21.859652+02	t
86	hhhhahahahahaa	2024-05-03 22:14:12.667137+02	55	23	2024-05-03 22:14:12.66715+02	t
88	my comment, unauth2	2024-05-03 22:19:11.063118+02	55	\N	2024-05-03 22:19:11.063125+02	t
89	hhhhh	2024-05-03 22:23:07.957471+02	56	25	2024-05-03 22:23:07.95748+02	t
\.


--
-- Data for Name: app_macky_vote; Type: TABLE DATA; Schema: public; Owner: postgres
--

COPY public.app_macky_vote (id, created_at, updated_at, vote_type, record_id, user_id) FROM stdin;
50	2024-05-03 22:10:51.98562+02	2024-05-03 22:10:51.985634+02	up	55	25
51	2024-05-03 22:10:55.561955+02	2024-05-03 22:10:55.561962+02	down	54	25
52	2024-05-04 21:52:47.51523+02	2024-05-04 21:52:47.515243+02	up	64	24
53	2024-05-05 14:17:30.105306+02	2024-05-05 14:17:30.105322+02	up	63	23
54	2024-05-05 14:17:31.518496+02	2024-05-05 14:17:31.518506+02	down	58	23
56	2024-05-05 14:21:39.756184+02	2024-05-05 14:21:39.756194+02	up	67	25
57	2024-05-05 14:21:42.00248+02	2024-05-05 14:21:42.00249+02	up	70	25
59	2024-05-05 14:21:43.494253+02	2024-05-05 14:21:43.494266+02	down	68	25
60	2024-05-05 14:21:46.825292+02	2024-05-05 14:21:46.825299+02	up	71	25
62	2024-05-05 14:32:13.108906+02	2024-05-05 14:32:13.108912+02	down	77	24
63	2024-05-05 14:47:37.710503+02	2024-05-05 14:47:37.710517+02	up	72	24
\.


--
-- Data for Name: auth_group; Type: TABLE DATA; Schema: public; Owner: postgres
--

COPY public.auth_group (id, name) FROM stdin;
1	prihlásený použivateľ
2	admin
3	posudzovateľ
\.


--
-- Data for Name: auth_group_permissions; Type: TABLE DATA; Schema: public; Owner: postgres
--

COPY public.auth_group_permissions (id, group_id, permission_id) FROM stdin;
\.


--
-- Data for Name: auth_permission; Type: TABLE DATA; Schema: public; Owner: postgres
--

COPY public.auth_permission (id, name, content_type_id, codename) FROM stdin;
1	Can add attribute	1	add_attribute
2	Can change attribute	1	change_attribute
3	Can delete attribute	1	delete_attribute
4	Can view attribute	1	view_attribute
5	Can add form	2	add_form
6	Can change form	2	change_form
7	Can delete form	2	delete_form
8	Can view form	2	view_form
9	Can add record	3	add_record
10	Can change record	3	change_record
11	Can delete record	3	delete_record
12	Can view record	3	view_record
13	Can add record comment	4	add_recordcomment
14	Can change record comment	4	change_recordcomment
15	Can delete record comment	4	delete_recordcomment
16	Can view record comment	4	view_recordcomment
17	Can add form attribute	5	add_formattribute
18	Can change form attribute	5	change_formattribute
19	Can delete form attribute	5	delete_formattribute
20	Can view form attribute	5	view_formattribute
21	Can add log entry	6	add_logentry
22	Can change log entry	6	change_logentry
23	Can delete log entry	6	delete_logentry
24	Can view log entry	6	view_logentry
25	Can add permission	7	add_permission
26	Can change permission	7	change_permission
27	Can delete permission	7	delete_permission
28	Can view permission	7	view_permission
29	Can add group	8	add_group
30	Can change group	8	change_group
31	Can delete group	8	delete_group
32	Can view group	8	view_group
33	Can add user	9	add_user
34	Can change user	9	change_user
35	Can delete user	9	delete_user
36	Can view user	9	view_user
37	Can add content type	10	add_contenttype
38	Can change content type	10	change_contenttype
39	Can delete content type	10	delete_contenttype
40	Can view content type	10	view_contenttype
41	Can add session	11	add_session
42	Can change session	11	change_session
43	Can delete session	11	delete_session
44	Can view session	11	view_session
45	Can add gallery	12	add_gallery
46	Can change gallery	12	change_gallery
47	Can delete gallery	12	delete_gallery
48	Can view gallery	12	view_gallery
49	Can add form attribute data	13	add_formattributedata
50	Can change form attribute data	13	change_formattributedata
51	Can delete form attribute data	13	delete_formattributedata
52	Can view form attribute data	13	view_formattributedata
53	Can add vote	14	add_vote
54	Can change vote	14	change_vote
55	Can delete vote	14	delete_vote
56	Can view vote	14	view_vote
\.


--
-- Data for Name: auth_user; Type: TABLE DATA; Schema: public; Owner: postgres
--

COPY public.auth_user (id, password, last_login, is_superuser, username, first_name, last_name, email, is_staff, is_active, date_joined) FROM stdin;
21	pbkdf2_sha256$600000$TgpG6RKJsfwQQLJQbXXspH$P9ZEc9cdcdT0iGClZ+MLJyO0y1BVPCm/ZpKwGQYHpwk=	2024-05-03 22:08:57.658607+02	f	admin1	adam	melikant	a.m@m.m	f	t	2024-05-03 17:18:08.120326+02
23	pbkdf2_sha256$600000$anW0ZwEDsa2Dr9lLMqyscM$emgJ4N+WaZcJMzpYY8guRb3byNel0yrKrd2H0k77mNQ=	2024-05-05 14:16:32.156483+02	f	adam	adam	melikant	adam.melikant@gmail.com	f	t	2024-05-03 21:41:08.368446+02
24	pbkdf2_sha256$600000$LguxyXjk3vDrFJxO0g6XK5$4ueg+rE1djx8maOZIeAnMW09ik4snpC2y+53p6tYU4Q=	2024-05-05 15:12:25.5217+02	f	admin	adamm	adammmm	adam.melikan@gmail.com	f	t	2024-05-03 22:08:47.28962+02
25	pbkdf2_sha256$600000$OExHbdmUKj65usddVJOAbh$/EaiB7PVNPKLuwC6vJPKx7+xcfXJuZZxs6kEXjbFNX8=	2024-05-05 15:12:36.624524+02	f	martin	martin	novotny	a.b@c.d	f	t	2024-05-03 22:09:40.354656+02
\.


--
-- Data for Name: auth_user_groups; Type: TABLE DATA; Schema: public; Owner: postgres
--

COPY public.auth_user_groups (id, user_id, group_id) FROM stdin;
28	21	2
29	23	1
31	24	2
33	25	3
\.


--
-- Data for Name: auth_user_user_permissions; Type: TABLE DATA; Schema: public; Owner: postgres
--

COPY public.auth_user_user_permissions (id, user_id, permission_id) FROM stdin;
\.


--
-- Data for Name: django_admin_log; Type: TABLE DATA; Schema: public; Owner: postgres
--

COPY public.django_admin_log (id, action_time, object_id, object_repr, action_flag, change_message, content_type_id, user_id) FROM stdin;
\.


--
-- Data for Name: django_content_type; Type: TABLE DATA; Schema: public; Owner: postgres
--

COPY public.django_content_type (id, app_label, model) FROM stdin;
1	app_macky	attribute
2	app_macky	form
3	app_macky	record
4	app_macky	recordcomment
5	app_macky	formattribute
6	admin	logentry
7	auth	permission
8	auth	group
9	auth	user
10	contenttypes	contenttype
11	sessions	session
12	app_macky	gallery
13	app_macky	formattributedata
14	app_macky	vote
\.


--
-- Data for Name: django_migrations; Type: TABLE DATA; Schema: public; Owner: postgres
--

COPY public.django_migrations (id, app, name, applied) FROM stdin;
1	app_macky	0001_initial	2023-11-04 19:40:45.269619+01
2	contenttypes	0001_initial	2023-11-04 19:41:25.984536+01
3	auth	0001_initial	2023-11-04 19:41:26.048849+01
4	admin	0001_initial	2023-11-04 19:41:26.06911+01
5	admin	0002_logentry_remove_auto_add	2023-11-04 19:41:26.079998+01
6	admin	0003_logentry_add_action_flag_choices	2023-11-04 19:41:26.089845+01
7	contenttypes	0002_remove_content_type_name	2023-11-04 19:41:26.113441+01
8	auth	0002_alter_permission_name_max_length	2023-11-04 19:41:26.126862+01
9	auth	0003_alter_user_email_max_length	2023-11-04 19:41:26.13797+01
10	auth	0004_alter_user_username_opts	2023-11-04 19:41:26.148515+01
11	auth	0005_alter_user_last_login_null	2023-11-04 19:41:26.159604+01
12	auth	0006_require_contenttypes_0002	2023-11-04 19:41:26.162265+01
13	auth	0007_alter_validators_add_error_messages	2023-11-04 19:41:26.167856+01
14	auth	0008_alter_user_username_max_length	2023-11-04 19:41:26.175902+01
15	auth	0009_alter_user_last_name_max_length	2023-11-04 19:41:26.181763+01
16	auth	0010_alter_group_name_max_length	2023-11-04 19:41:26.188137+01
17	auth	0011_update_proxy_permissions	2023-11-04 19:41:26.195715+01
18	auth	0012_alter_user_first_name_max_length	2023-11-04 19:41:26.201482+01
19	sessions	0001_initial	2023-11-04 19:41:26.210386+01
20	app_macky	0002_form_included_in_gallery_and_more	2023-11-06 22:38:53.672999+01
21	app_macky	0003_remove_formattribute_position_and_more	2023-11-07 17:50:50.517128+01
22	app_macky	0004_gallery_gallery_name	2023-11-12 19:23:07.076795+01
23	app_macky	0005_remove_formattribute_record_and_more	2023-11-12 20:20:39.273708+01
24	app_macky	0006_attribute_updated_at_formattribute_created_at_and_more	2023-11-20 18:53:11.980918+01
25	app_macky	0007_alter_formattribute_display_in_gallery	2023-11-20 18:56:41.485345+01
26	app_macky	0008_remove_record_thumb_down_remove_record_thumb_up	2023-11-22 20:50:22.33643+01
27	app_macky	0009_record_description_recordcomment_aproved_by_admin_and_more	2023-11-24 20:00:32.38949+01
28	app_macky	0010_attribute_required	2023-11-29 19:26:15.271571+01
29	app_macky	0011_remove_attribute_required_formattribute_required	2023-11-29 21:05:23.118752+01
30	app_macky	0012_record_form	2024-05-03 17:09:11.954596+02
\.


--
-- Data for Name: django_session; Type: TABLE DATA; Schema: public; Owner: postgres
--

COPY public.django_session (session_key, session_data, expire_date) FROM stdin;
8pau0nu39mwqqm3hwwu7063hhbps03jq	eyJhZG1pbl92aWV3IjpmYWxzZX0:1rhrN4:crKBS8lzfeQUz-lj_RtvD10Mz8AjVDLpsMhOEtVRaUA	2024-03-20 14:31:46.276253+01
hvgn9p30vcyplae8moz29811dk4x97z6	eyJhZG1pbl92aWV3IjpmYWxzZX0:1r1Yvk:70aEGKSmc627pliWbELn185_1iiOgT0ansgk7ZgKkO4	2023-11-24 22:20:44.471862+01
00iwn0t4q090w263ilwb2kack2xmzlvr	eyJhZG1pbl92aWV3IjpmYWxzZX0:1r6x6y:a1meW-nMSG3QohLFq1oP98hTCWDo0uE40BfJNI3DbGE	2023-12-09 19:10:36.045859+01
ahbh3ptz4odu7xzmhua13el5obum9o9h	eyJhZG1pbl92aWV3IjpmYWxzZX0:1r2AOE:XeTCAIVJqE1_TtHsDYP9ZiGASgNRO28idYzfxcrkSbk	2023-11-26 14:20:38.892434+01
zogsy4zgxieabsq39hjlzw4tu9cmtw1y	.eJxVjEEOgyAQRe8y64YoCILL7j0DGZix0lpMRNtF07u3Jm7c_vfe_wDSM2X_SvyGbsCp8AU8buvot8KLTwQdSDhtAeOD8w7ojvk2izjndUlB7Io4aBH9TDxdD_d0MGIZ_7XWFbPRbNtYR0uso62QdERHjCG4VjUoTbCtcVJZrRsyTe3iIFWtHFsL3x_PRD6Z:1s1uix:USoWIALoKihru_gKewlo6D-OqoT5eMq80fcHHE01RD4	2024-05-14 23:09:15.757811+02
ixvwdviul4aikbqbcdne1jbc56miimop	eyJhZG1pbl92aWV3IjpmYWxzZX0:1s2syb:tdmT9WC-e1E_Gx2skYiEUKP6-p7_w1i6bqb0lhQ61Ag	2024-05-17 15:29:25.567554+02
kuue7oigy6alnpgka6efz976rmg80q52	eyJhZG1pbl92aWV3IjpmYWxzZX0:1r5AtH:1gcsciifIG7lGaeWqXDMUoGvUt8jmiwLylMDKeKH-kw	2023-12-04 21:29:07.449056+01
axx6eebq8909lv1l0a551eyoycx1rq0i	eyJhZG1pbl92aWV3IjpmYWxzZX0:1r6zhq:bNfptZtszAH2_yVPM8wiToheHhSsavN9-NFGkHbVIKI	2023-12-09 21:56:50.741887+01
zrzbutg7bbct1zdzo9lp11jtc47brvla	.eJxVjDkOwjAUBe_iGllx_BNsSnrOYP0txCyOlAUKxN0hUpq0b2bex6A8c0mvrG9zmsdFDybhMvdpmXRMWczJ1M7sRkK-a1mJ3LBcB8tDmcdMdlXsRid7GUQf583dHfQ49f_akVeIwXWExB1A5Ipabn0U9lWMqhCEGyTnOQghYOWgCa07Qh06B2K-P8m8Pus:1s2ug7:1Ou-aJwpvk4QWmdryxtpuG6kmZMMqMd4Fi-4Px_fpyU	2024-05-17 17:18:27.373476+02
uyerryepv4b90cvrnxv0uwrsxaucyp1a	eyJhZG1pbl92aWV3IjpmYWxzZX0:1r7KtN:SocyK66B9NX8XpsdaY8ro4MxGuhJwdcdaT09ESYmkCI	2023-12-10 20:34:09.274574+01
2rfzkybzan9a9lrirmxc9ndytolurj14	.eJxVjDsOgzAQBe-ydWRhjM2aMj1nsNbeTXA-RuKTFFHuniDR0L6ZeR8gfuYSXlne0C3TKicItC5DWGeZQmboQMNhi5TuUjbANyrXUaWxLFOOalPUTmfVjyyP8-4eDgaah39tbSXirGCbdEIWm7Aitok8C8XoW9NQ7SK2ztcGrW3YNdqnS2208YII3x-V2T5N:1r5CMC:-coIo5MpFdtu671hiIlpljOJj_fA8-yG0gdwZ_s46HA	2023-12-04 23:03:04.31102+01
4l1bvruk92oca4r23hpod2izdb0c23j9	eyJhZG1pbl92aWV3IjpmYWxzZX0:1s30Ej:syo-nqwv4F7Dht5GdfNs7Th3x2v_pSAJ_ZlzJRZlkIY	2024-05-17 23:14:33.077935+02
cmg8t7og2lh1fgzkgv9ho4c07948qbwn	eyJhZG1pbl92aWV3IjpmYWxzZX0:1r5vOM:bFP0cOz_6f7wF2OaeM_xKZMqPuwBEm68fSJaQtcZI5M	2023-12-06 23:08:18.589768+01
ojpz8vhio15eerhj6gq1adcfoynlnu79	.eJxVjDsOgzAQBe-ydWRhjM2aMj1nsNbeTXA-RuKTFFHuniDR0L6ZeR8gfuYSXlne0C3TKicItC5DWGeZQmboQMNhi5TuUjbANyrXUaWxLFOOalPUTmfVjyyP8-4eDgaah39tbSXirGCbdEIWm7Aitok8C8XoW9NQ7SK2ztcGrW3YNdqnS2208YII3x-V2T5N:1r7FQG:Ze_6qOhcA5zzom1ygyqA82fyfKc18-pK_-4b-U9xlR8	2023-12-10 14:43:44.718092+01
hjfbaouauvna2ouf48r5huorzf6wgibq	.eJxVjDsOgzAQBe-ydWRhjM2aMj1nsNbeTXA-RuKTFFHuniDR0L6ZeR8gfuYSXlne0C3TKicItC5DWGeZQmboQMNhi5TuUjbANyrXUaWxLFOOalPUTmfVjyyP8-4eDgaah39tbSXirGCbdEIWm7Aitok8C8XoW9NQ7SK2ztcGrW3YNdqnS2208YII3x-V2T5N:1r2GnK:ene5QKAD0XFbZ7i9uHgZoHKY1JBdqXTcYUvljLkzZws	2023-11-26 21:10:58.596747+01
k31zdoahoaqoirxt7d3cb6c8qc164rkk	.eJxVjMsOwiAQRf-FtSEWyqtL934DmYHBohWS0urC-O_apJtu7znnfhjEZy7-lenNhgRToxPzsC6jXxvNPkc2sE6zw4gQHlQ2Eu9QbpWHWpY5I98UvtPGrzXSdNndw8EIbfzXQoKMKgTbaexRksNkKEhrorFGOGsCoD6jBCGS0yqh06Y3aBNJlEp17PsD9Ts--Q:1r5vPZ:GcqfJL7gSyHjkQPv3qVKZ0zFpuqrPQ1E0H-vztpvk8w	2023-12-06 23:09:33.485902+01
oj6kvuotycroecwfgi47wi9b9ukd6brf	.eJxVjEEOgyAQAP-y54a4IKAee-8byAJrpbWQiLaHpn9vTLx4nZnMFyi-UnbvxB8YRporX8DRtk5uq7y4FGEACSfmKTw57yI-KN-LCCWvS_JiT8Rhq7iVyPP1aE-Dieq0bwPyGLDX0iJG1VtloyKj2SvZskfbWKu06brOKhODxL5pWLI2xAbbgPD7A5iqPYo:1r2bTu:-9pnUtz0jcJViwqVEUdwiLr9js6vXOT5P-MYzQxMk2o	2023-11-27 19:16:18.405852+01
o7ck8rwwtq36z68x93847cko6ivxumdc	.eJxVjDsOgzAQBe-ydWRhjM2aMj1nsNbeTXA-RuKTFFHuniDR0L6ZeR8gfuYSXlne0C3TKicItC5DWGeZQmboQMNhi5TuUjbANyrXUaWxLFOOalPUTmfVjyyP8-4eDgaah39tbSXirGCbdEIWm7Aitok8C8XoW9NQ7SK2ztcGrW3YNdqnS2208YII3x-V2T5N:1r3LRd:El932RFJ-H7vCpiAAz-yfTes9_A9PzH5Kjqj4Y7Pad0	2023-11-29 20:21:01.815934+01
8qjjfas456gho2etpefrhgw8by89zhdk	.eJxVjDsOgzAQBe-ydWRhjM2aMj1nsNbeTXA-RuKTFFHuniDR0L6ZeR8gfuYSXlne0C3TKicItC5DWGeZQmboQMNhi5TuUjbANyrXUaWxLFOOalPUTmfVjyyP8-4eDgaah39tbSXirGCbdEIWm7Aitok8C8XoW9NQ7SK2ztcGrW3YNdqnS2208YII3x-V2T5N:1r4T0k:JjjgLJfP5a0fYBwsBqpKv5d64Yyf3Bw7Hg3LoPTekQg	2023-12-02 22:37:54.937063+01
457qx0bsa14y5b51yx5ilfl7pxz96lrh	.eJxVjEEOgyAQRe8y64YoCILL7j0DGZix0lpMRNtF07u3Jm7c_vfe_wDSM2X_SvyGbsCp8AU8buvot8KLTwQdSDhtAeOD8w7ojvk2izjndUlB7Io4aBH9TDxdD_d0MGIZ_7XWFbPRbNtYR0uso62QdERHjCG4VjUoTbCtcVJZrRsyTe3iIFWtHFsL3x_PRD6Z:1r8RBd:ZlZY54-ZBAk3S-DwtqDRi4agITGZ_3NS-sWNbxi44lw	2023-12-13 21:29:33.274085+01
dtb6r8cwjpl3uzep2iizv96zj3ih76pa	.eJxVjMsOwiAQRf-FtSEWyqtL934DmYHBohWS0urC-O_apJtu7znnfhjEZy7-lenNhgRToxPzsC6jXxvNPkc2sE6zw4gQHlQ2Eu9QbpWHWpY5I98UvtPGrzXSdNndw8EIbfzXQoKMKgTbaexRksNkKEhrorFGOGsCoD6jBCGS0yqh06Y3aBNJlEp17PsD9Ts--Q:1r6W6L:VmsNzsbs9Nw5yMo5-yKfjnkrUQ4-_ACLTxbvvm0ojc4	2023-12-08 14:20:09.322076+01
gguluaqp2fraraxjhaxi2iu3668gpmo5	.eJxVjDsOgzAQBe-ydWRhjM2aMj1nsNbeTXA-RuKTFFHuniDR0L6ZeR8gfuYSXlne0C3TKicItC5DWGeZQmboQMNhi5TuUjbANyrXUaWxLFOOalPUTmfVjyyP8-4eDgaah39tbSXirGCbdEIWm7Aitok8C8XoW9NQ7SK2ztcGrW3YNdqnS2208YII3x-V2T5N:1r4hYL:JXx8XeT71zr9qBW4wMARL2IER5uezoknHlWVMZNBEIk	2023-12-03 14:09:33.979261+01
0edn92t6qjvhmpitrrlbjjjxx7hvxsqw	.eJxVjDsOwjAQBe_iGllxnHXslPScwVrvLsR8HCkfKBB3J5FSQPtm3rxVxGXu4zLJGDOrThl1-N0S0k3KBviK5TJoGso85qQ3Re900qeB5X7c3b9Aj1O_vgEqEQfiWzLkWYB8hQyEgQVTCq1tsHbJty7U1gM07BoT6FxbY4N4v0aRH7nEZ5aX6uZxkc8XGU0-TQ:1r4iA0:Xrd7_npA39ffzjwXOtWAfxmxKtjMcnddEcP2_Y4zEEU	2023-12-03 14:48:28.232792+01
obah9vgbhsskq9321lldmp0v0wvtwuk0	eyJhZG1pbl92aWV3IjpmYWxzZX0:1s1WbW:shwif-Lgp2NIGJUjWLOfnEWEUCBaj1gsnrfRT6l_TyA	2024-05-13 21:23:58.680391+02
yh4dci4kprkzydjxb7elrl390c5r520n	eyJhZG1pbl92aWV3IjpmYWxzZX0:1r1YsS:52SQ6PEZB_riwwNG-by5_JGXeN3766MKMIjh5-3ZzHQ	2023-11-24 22:17:20.380688+01
1mbob05b65agv1hj7lvok1qd4v78r2wf	.eJxVjMsOwiAQRf-FtSEWyqtL934DmYHBohWS0urC-O_apJtu7znnfhjEZy7-lenNhgRToxPzsC6jXxvNPkc2sE6zw4gQHlQ2Eu9QbpWHWpY5I98UvtPGrzXSdNndw8EIbfzXQoKMKgTbaexRksNkKEhrorFGOGsCoD6jBCGS0yqh06Y3aBNJlEp17PsD9Ts--Q:1r6btk:Gq9_XGO42YfP9N82n4mem4zbiW96LsSppmvKgMflD5k	2023-12-08 20:31:32.715364+01
caku21e782625655ehhhw636v0oc9g4p	eyJhZG1pbl92aWV3IjpmYWxzZX0:1r9sfO:Ahr8NQ_AV_gQkLZ56Ru56b9Ht7iVhdcGPdXDGM9ZnKA	2023-12-17 21:02:14.781725+01
psk9bf2mewly2nybtn4mu67fgudqxt94	eyJhZG1pbl92aWV3IjpmYWxzZX0:1r6rq9:EKLfawFqbnYmbTBZsw8KpONrQ5J-b0etXWsULnE7xgw	2023-12-09 13:32:53.341271+01
oymsibhn8a9f0he33r8tw8y9n94xtl8k	.eJxVjDsOwjAQBe_iGllxnHXslPScwVrvLsR8HCkfKBB3J5FSQPtm3rxVxGXu4zLJGDOrThl1-N0S0k3KBviK5TJoGso85qQ3Re900qeB5X7c3b9Aj1O_vgEqEQfiWzLkWYB8hQyEgQVTCq1tsHbJty7U1gM07BoT6FxbY4N4v0aRH7nEZ5aX6uZxkc8XGU0-TQ:1rAd4l:Up7TK9ZPZ5S-voXrIUht09d5eTfWsQP_DjiPA27GBc8	2023-12-19 22:35:31.812157+01
8qnbzv7br3ps84l6eudbz9c3b5330alu	eyJhZG1pbl92aWV3IjpmYWxzZX0:1r6wYO:vxKZcdMZ9xu17Ylm6lWWIeN-Dw9DmBmiqlZw01NPSDA	2023-12-09 18:34:52.096295+01
k4ijdxnu2mlvgwa1kgofy003w0c5uwqt	eyJhZG1pbl92aWV3IjpmYWxzZX0:1rLUFi:t23co7LyW55KYZmeLNqJyKw7_EqWs-269OvUUl5rDsA	2024-01-18 21:23:42.311687+01
6urlxpe6hlrywhwb5wzht81l5vkk5ni7	eyJhZG1pbl92aWV3IjpmYWxzZX0:1rNXYx:WLrDMLxTQ6OPn8pWRupdLQmW_Zkf9cMoFaQzRyRb9DM	2024-01-24 13:20:03.107759+01
tigpwb3o7vf8o5c84t5mwkujhcx9vrv8	.eJxVjEEOgyAQRe8y64YoCILL7j0DGZix0lpMRNtF07u3Jm7c_vfe_wDSM2X_SvyGbsCp8AU8buvot8KLTwQdSDhtAeOD8w7ojvk2izjndUlB7Io4aBH9TDxdD_d0MGIZ_7XWFbPRbNtYR0uso62QdERHjCG4VjUoTbCtcVJZrRsyTe3iIFWtHFsL3x_PRD6Z:1rhcJ9:QahAzUkCPBF4OfH98ZAfw7N8Gb8QH3rIM-gjWs9s7Uw	2024-03-19 22:26:43.686874+01
9m3xp21wk6wf29dgmee5oo40l4a70c2q	eyJhZG1pbl92aWV3IjpmYWxzZX0:1s3MUj:Bs3vVTCo-Gr8egBDdPqoyIx-4Nl_RTxQVnyK3YWX_KY	2024-05-18 23:00:33.642904+02
c8mo7s8ld35ja9p0pobzv2jcvxzjfhlj	eyJhZG1pbl92aWV3IjpmYWxzZX0:1s3bgV:e3uB022J05t3_KJhiKVu-UaO189lRTi-zNLHaVv_n1U	2024-05-19 15:13:43.300316+02
\.


--
-- Name: app_macky_attribute_id_seq; Type: SEQUENCE SET; Schema: public; Owner: postgres
--

SELECT pg_catalog.setval('public.app_macky_attribute_id_seq', 15, true);


--
-- Name: app_macky_form_id_seq; Type: SEQUENCE SET; Schema: public; Owner: postgres
--

SELECT pg_catalog.setval('public.app_macky_form_id_seq', 22, true);


--
-- Name: app_macky_formattribute_id_seq; Type: SEQUENCE SET; Schema: public; Owner: postgres
--

SELECT pg_catalog.setval('public.app_macky_formattribute_id_seq', 126, true);


--
-- Name: app_macky_formattributedata_id_seq; Type: SEQUENCE SET; Schema: public; Owner: postgres
--

SELECT pg_catalog.setval('public.app_macky_formattributedata_id_seq', 297, true);


--
-- Name: app_macky_gallery_id_seq; Type: SEQUENCE SET; Schema: public; Owner: postgres
--

SELECT pg_catalog.setval('public.app_macky_gallery_id_seq', 33, true);


--
-- Name: app_macky_record_id_seq; Type: SEQUENCE SET; Schema: public; Owner: postgres
--

SELECT pg_catalog.setval('public.app_macky_record_id_seq', 78, true);


--
-- Name: app_macky_recordcomment_id_seq; Type: SEQUENCE SET; Schema: public; Owner: postgres
--

SELECT pg_catalog.setval('public.app_macky_recordcomment_id_seq', 106, true);


--
-- Name: app_macky_vote_id_seq; Type: SEQUENCE SET; Schema: public; Owner: postgres
--

SELECT pg_catalog.setval('public.app_macky_vote_id_seq', 63, true);


--
-- Name: auth_group_id_seq; Type: SEQUENCE SET; Schema: public; Owner: postgres
--

SELECT pg_catalog.setval('public.auth_group_id_seq', 1, false);


--
-- Name: auth_group_permissions_id_seq; Type: SEQUENCE SET; Schema: public; Owner: postgres
--

SELECT pg_catalog.setval('public.auth_group_permissions_id_seq', 1, false);


--
-- Name: auth_permission_id_seq; Type: SEQUENCE SET; Schema: public; Owner: postgres
--

SELECT pg_catalog.setval('public.auth_permission_id_seq', 56, true);


--
-- Name: auth_user_groups_id_seq; Type: SEQUENCE SET; Schema: public; Owner: postgres
--

SELECT pg_catalog.setval('public.auth_user_groups_id_seq', 33, true);


--
-- Name: auth_user_id_seq; Type: SEQUENCE SET; Schema: public; Owner: postgres
--

SELECT pg_catalog.setval('public.auth_user_id_seq', 25, true);


--
-- Name: auth_user_user_permissions_id_seq; Type: SEQUENCE SET; Schema: public; Owner: postgres
--

SELECT pg_catalog.setval('public.auth_user_user_permissions_id_seq', 1, false);


--
-- Name: django_admin_log_id_seq; Type: SEQUENCE SET; Schema: public; Owner: postgres
--

SELECT pg_catalog.setval('public.django_admin_log_id_seq', 1, false);


--
-- Name: django_content_type_id_seq; Type: SEQUENCE SET; Schema: public; Owner: postgres
--

SELECT pg_catalog.setval('public.django_content_type_id_seq', 14, true);


--
-- Name: django_migrations_id_seq; Type: SEQUENCE SET; Schema: public; Owner: postgres
--

SELECT pg_catalog.setval('public.django_migrations_id_seq', 30, true);


--
-- Name: app_macky_attribute app_macky_attribute_pkey; Type: CONSTRAINT; Schema: public; Owner: postgres
--

ALTER TABLE ONLY public.app_macky_attribute
    ADD CONSTRAINT app_macky_attribute_pkey PRIMARY KEY (id);


--
-- Name: app_macky_form app_macky_form_pkey; Type: CONSTRAINT; Schema: public; Owner: postgres
--

ALTER TABLE ONLY public.app_macky_form
    ADD CONSTRAINT app_macky_form_pkey PRIMARY KEY (id);


--
-- Name: app_macky_formattribute app_macky_formattribute_pkey; Type: CONSTRAINT; Schema: public; Owner: postgres
--

ALTER TABLE ONLY public.app_macky_formattribute
    ADD CONSTRAINT app_macky_formattribute_pkey PRIMARY KEY (id);


--
-- Name: app_macky_formattributedata app_macky_formattributedata_pkey; Type: CONSTRAINT; Schema: public; Owner: postgres
--

ALTER TABLE ONLY public.app_macky_formattributedata
    ADD CONSTRAINT app_macky_formattributedata_pkey PRIMARY KEY (id);


--
-- Name: app_macky_gallery app_macky_gallery_form_id_created_at_d3c74245_uniq; Type: CONSTRAINT; Schema: public; Owner: postgres
--

ALTER TABLE ONLY public.app_macky_gallery
    ADD CONSTRAINT app_macky_gallery_form_id_created_at_d3c74245_uniq UNIQUE (form_id, created_at);


--
-- Name: app_macky_gallery app_macky_gallery_pkey; Type: CONSTRAINT; Schema: public; Owner: postgres
--

ALTER TABLE ONLY public.app_macky_gallery
    ADD CONSTRAINT app_macky_gallery_pkey PRIMARY KEY (id);


--
-- Name: app_macky_record app_macky_record_pkey; Type: CONSTRAINT; Schema: public; Owner: postgres
--

ALTER TABLE ONLY public.app_macky_record
    ADD CONSTRAINT app_macky_record_pkey PRIMARY KEY (id);


--
-- Name: app_macky_recordcomment app_macky_recordcomment_pkey; Type: CONSTRAINT; Schema: public; Owner: postgres
--

ALTER TABLE ONLY public.app_macky_recordcomment
    ADD CONSTRAINT app_macky_recordcomment_pkey PRIMARY KEY (id);


--
-- Name: app_macky_vote app_macky_vote_pkey; Type: CONSTRAINT; Schema: public; Owner: postgres
--

ALTER TABLE ONLY public.app_macky_vote
    ADD CONSTRAINT app_macky_vote_pkey PRIMARY KEY (id);


--
-- Name: app_macky_vote app_macky_vote_user_id_record_id_14bff0a6_uniq; Type: CONSTRAINT; Schema: public; Owner: postgres
--

ALTER TABLE ONLY public.app_macky_vote
    ADD CONSTRAINT app_macky_vote_user_id_record_id_14bff0a6_uniq UNIQUE (user_id, record_id);


--
-- Name: auth_group auth_group_name_key; Type: CONSTRAINT; Schema: public; Owner: postgres
--

ALTER TABLE ONLY public.auth_group
    ADD CONSTRAINT auth_group_name_key UNIQUE (name);


--
-- Name: auth_group_permissions auth_group_permissions_group_id_permission_id_0cd325b0_uniq; Type: CONSTRAINT; Schema: public; Owner: postgres
--

ALTER TABLE ONLY public.auth_group_permissions
    ADD CONSTRAINT auth_group_permissions_group_id_permission_id_0cd325b0_uniq UNIQUE (group_id, permission_id);


--
-- Name: auth_group_permissions auth_group_permissions_pkey; Type: CONSTRAINT; Schema: public; Owner: postgres
--

ALTER TABLE ONLY public.auth_group_permissions
    ADD CONSTRAINT auth_group_permissions_pkey PRIMARY KEY (id);


--
-- Name: auth_group auth_group_pkey; Type: CONSTRAINT; Schema: public; Owner: postgres
--

ALTER TABLE ONLY public.auth_group
    ADD CONSTRAINT auth_group_pkey PRIMARY KEY (id);


--
-- Name: auth_permission auth_permission_content_type_id_codename_01ab375a_uniq; Type: CONSTRAINT; Schema: public; Owner: postgres
--

ALTER TABLE ONLY public.auth_permission
    ADD CONSTRAINT auth_permission_content_type_id_codename_01ab375a_uniq UNIQUE (content_type_id, codename);


--
-- Name: auth_permission auth_permission_pkey; Type: CONSTRAINT; Schema: public; Owner: postgres
--

ALTER TABLE ONLY public.auth_permission
    ADD CONSTRAINT auth_permission_pkey PRIMARY KEY (id);


--
-- Name: auth_user_groups auth_user_groups_pkey; Type: CONSTRAINT; Schema: public; Owner: postgres
--

ALTER TABLE ONLY public.auth_user_groups
    ADD CONSTRAINT auth_user_groups_pkey PRIMARY KEY (id);


--
-- Name: auth_user_groups auth_user_groups_user_id_group_id_94350c0c_uniq; Type: CONSTRAINT; Schema: public; Owner: postgres
--

ALTER TABLE ONLY public.auth_user_groups
    ADD CONSTRAINT auth_user_groups_user_id_group_id_94350c0c_uniq UNIQUE (user_id, group_id);


--
-- Name: auth_user auth_user_pkey; Type: CONSTRAINT; Schema: public; Owner: postgres
--

ALTER TABLE ONLY public.auth_user
    ADD CONSTRAINT auth_user_pkey PRIMARY KEY (id);


--
-- Name: auth_user_user_permissions auth_user_user_permissions_pkey; Type: CONSTRAINT; Schema: public; Owner: postgres
--

ALTER TABLE ONLY public.auth_user_user_permissions
    ADD CONSTRAINT auth_user_user_permissions_pkey PRIMARY KEY (id);


--
-- Name: auth_user_user_permissions auth_user_user_permissions_user_id_permission_id_14a6b632_uniq; Type: CONSTRAINT; Schema: public; Owner: postgres
--

ALTER TABLE ONLY public.auth_user_user_permissions
    ADD CONSTRAINT auth_user_user_permissions_user_id_permission_id_14a6b632_uniq UNIQUE (user_id, permission_id);


--
-- Name: auth_user auth_user_username_key; Type: CONSTRAINT; Schema: public; Owner: postgres
--

ALTER TABLE ONLY public.auth_user
    ADD CONSTRAINT auth_user_username_key UNIQUE (username);


--
-- Name: django_admin_log django_admin_log_pkey; Type: CONSTRAINT; Schema: public; Owner: postgres
--

ALTER TABLE ONLY public.django_admin_log
    ADD CONSTRAINT django_admin_log_pkey PRIMARY KEY (id);


--
-- Name: django_content_type django_content_type_app_label_model_76bd3d3b_uniq; Type: CONSTRAINT; Schema: public; Owner: postgres
--

ALTER TABLE ONLY public.django_content_type
    ADD CONSTRAINT django_content_type_app_label_model_76bd3d3b_uniq UNIQUE (app_label, model);


--
-- Name: django_content_type django_content_type_pkey; Type: CONSTRAINT; Schema: public; Owner: postgres
--

ALTER TABLE ONLY public.django_content_type
    ADD CONSTRAINT django_content_type_pkey PRIMARY KEY (id);


--
-- Name: django_migrations django_migrations_pkey; Type: CONSTRAINT; Schema: public; Owner: postgres
--

ALTER TABLE ONLY public.django_migrations
    ADD CONSTRAINT django_migrations_pkey PRIMARY KEY (id);


--
-- Name: django_session django_session_pkey; Type: CONSTRAINT; Schema: public; Owner: postgres
--

ALTER TABLE ONLY public.django_session
    ADD CONSTRAINT django_session_pkey PRIMARY KEY (session_key);


--
-- Name: app_macky_formattribute_attribute_id_5d55ffe2; Type: INDEX; Schema: public; Owner: postgres
--

CREATE INDEX app_macky_formattribute_attribute_id_5d55ffe2 ON public.app_macky_formattribute USING btree (attribute_id);


--
-- Name: app_macky_formattribute_form_id_3e5f4180; Type: INDEX; Schema: public; Owner: postgres
--

CREATE INDEX app_macky_formattribute_form_id_3e5f4180 ON public.app_macky_formattribute USING btree (form_id);


--
-- Name: app_macky_formattributedata_form_attribute_id_29f8eb5e; Type: INDEX; Schema: public; Owner: postgres
--

CREATE INDEX app_macky_formattributedata_form_attribute_id_29f8eb5e ON public.app_macky_formattributedata USING btree (form_attribute_id);


--
-- Name: app_macky_formattributedata_record_id_f7b4a214; Type: INDEX; Schema: public; Owner: postgres
--

CREATE INDEX app_macky_formattributedata_record_id_f7b4a214 ON public.app_macky_formattributedata USING btree (record_id);


--
-- Name: app_macky_gallery_form_id_31b06432; Type: INDEX; Schema: public; Owner: postgres
--

CREATE INDEX app_macky_gallery_form_id_31b06432 ON public.app_macky_gallery USING btree (form_id);


--
-- Name: app_macky_record_form_id_0767452d; Type: INDEX; Schema: public; Owner: postgres
--

CREATE INDEX app_macky_record_form_id_0767452d ON public.app_macky_record USING btree (form_id);


--
-- Name: app_macky_record_user_id_a2ec3712; Type: INDEX; Schema: public; Owner: postgres
--

CREATE INDEX app_macky_record_user_id_a2ec3712 ON public.app_macky_record USING btree (user_id);


--
-- Name: app_macky_recordcomment_record_id_beb6262b; Type: INDEX; Schema: public; Owner: postgres
--

CREATE INDEX app_macky_recordcomment_record_id_beb6262b ON public.app_macky_recordcomment USING btree (record_id);


--
-- Name: app_macky_recordcomment_user_id_44b6aa84; Type: INDEX; Schema: public; Owner: postgres
--

CREATE INDEX app_macky_recordcomment_user_id_44b6aa84 ON public.app_macky_recordcomment USING btree (user_id);


--
-- Name: app_macky_vote_record_id_0bfd990b; Type: INDEX; Schema: public; Owner: postgres
--

CREATE INDEX app_macky_vote_record_id_0bfd990b ON public.app_macky_vote USING btree (record_id);


--
-- Name: app_macky_vote_user_id_49f3861c; Type: INDEX; Schema: public; Owner: postgres
--

CREATE INDEX app_macky_vote_user_id_49f3861c ON public.app_macky_vote USING btree (user_id);


--
-- Name: auth_group_name_a6ea08ec_like; Type: INDEX; Schema: public; Owner: postgres
--

CREATE INDEX auth_group_name_a6ea08ec_like ON public.auth_group USING btree (name varchar_pattern_ops);


--
-- Name: auth_group_permissions_group_id_b120cbf9; Type: INDEX; Schema: public; Owner: postgres
--

CREATE INDEX auth_group_permissions_group_id_b120cbf9 ON public.auth_group_permissions USING btree (group_id);


--
-- Name: auth_group_permissions_permission_id_84c5c92e; Type: INDEX; Schema: public; Owner: postgres
--

CREATE INDEX auth_group_permissions_permission_id_84c5c92e ON public.auth_group_permissions USING btree (permission_id);


--
-- Name: auth_permission_content_type_id_2f476e4b; Type: INDEX; Schema: public; Owner: postgres
--

CREATE INDEX auth_permission_content_type_id_2f476e4b ON public.auth_permission USING btree (content_type_id);


--
-- Name: auth_user_groups_group_id_97559544; Type: INDEX; Schema: public; Owner: postgres
--

CREATE INDEX auth_user_groups_group_id_97559544 ON public.auth_user_groups USING btree (group_id);


--
-- Name: auth_user_groups_user_id_6a12ed8b; Type: INDEX; Schema: public; Owner: postgres
--

CREATE INDEX auth_user_groups_user_id_6a12ed8b ON public.auth_user_groups USING btree (user_id);


--
-- Name: auth_user_user_permissions_permission_id_1fbb5f2c; Type: INDEX; Schema: public; Owner: postgres
--

CREATE INDEX auth_user_user_permissions_permission_id_1fbb5f2c ON public.auth_user_user_permissions USING btree (permission_id);


--
-- Name: auth_user_user_permissions_user_id_a95ead1b; Type: INDEX; Schema: public; Owner: postgres
--

CREATE INDEX auth_user_user_permissions_user_id_a95ead1b ON public.auth_user_user_permissions USING btree (user_id);


--
-- Name: auth_user_username_6821ab7c_like; Type: INDEX; Schema: public; Owner: postgres
--

CREATE INDEX auth_user_username_6821ab7c_like ON public.auth_user USING btree (username varchar_pattern_ops);


--
-- Name: django_admin_log_content_type_id_c4bce8eb; Type: INDEX; Schema: public; Owner: postgres
--

CREATE INDEX django_admin_log_content_type_id_c4bce8eb ON public.django_admin_log USING btree (content_type_id);


--
-- Name: django_admin_log_user_id_c564eba6; Type: INDEX; Schema: public; Owner: postgres
--

CREATE INDEX django_admin_log_user_id_c564eba6 ON public.django_admin_log USING btree (user_id);


--
-- Name: django_session_expire_date_a5c62663; Type: INDEX; Schema: public; Owner: postgres
--

CREATE INDEX django_session_expire_date_a5c62663 ON public.django_session USING btree (expire_date);


--
-- Name: django_session_session_key_c0390e0f_like; Type: INDEX; Schema: public; Owner: postgres
--

CREATE INDEX django_session_session_key_c0390e0f_like ON public.django_session USING btree (session_key varchar_pattern_ops);


--
-- Name: app_macky_formattribute app_macky_formattrib_attribute_id_5d55ffe2_fk_app_macky; Type: FK CONSTRAINT; Schema: public; Owner: postgres
--

ALTER TABLE ONLY public.app_macky_formattribute
    ADD CONSTRAINT app_macky_formattrib_attribute_id_5d55ffe2_fk_app_macky FOREIGN KEY (attribute_id) REFERENCES public.app_macky_attribute(id) DEFERRABLE INITIALLY DEFERRED;


--
-- Name: app_macky_formattributedata app_macky_formattrib_form_attribute_id_29f8eb5e_fk_app_macky; Type: FK CONSTRAINT; Schema: public; Owner: postgres
--

ALTER TABLE ONLY public.app_macky_formattributedata
    ADD CONSTRAINT app_macky_formattrib_form_attribute_id_29f8eb5e_fk_app_macky FOREIGN KEY (form_attribute_id) REFERENCES public.app_macky_formattribute(id) DEFERRABLE INITIALLY DEFERRED;


--
-- Name: app_macky_formattributedata app_macky_formattrib_record_id_f7b4a214_fk_app_macky; Type: FK CONSTRAINT; Schema: public; Owner: postgres
--

ALTER TABLE ONLY public.app_macky_formattributedata
    ADD CONSTRAINT app_macky_formattrib_record_id_f7b4a214_fk_app_macky FOREIGN KEY (record_id) REFERENCES public.app_macky_record(id) DEFERRABLE INITIALLY DEFERRED;


--
-- Name: app_macky_formattribute app_macky_formattribute_form_id_3e5f4180_fk_app_macky_form_id; Type: FK CONSTRAINT; Schema: public; Owner: postgres
--

ALTER TABLE ONLY public.app_macky_formattribute
    ADD CONSTRAINT app_macky_formattribute_form_id_3e5f4180_fk_app_macky_form_id FOREIGN KEY (form_id) REFERENCES public.app_macky_form(id) DEFERRABLE INITIALLY DEFERRED;


--
-- Name: app_macky_gallery app_macky_gallery_form_id_31b06432_fk_app_macky_form_id; Type: FK CONSTRAINT; Schema: public; Owner: postgres
--

ALTER TABLE ONLY public.app_macky_gallery
    ADD CONSTRAINT app_macky_gallery_form_id_31b06432_fk_app_macky_form_id FOREIGN KEY (form_id) REFERENCES public.app_macky_form(id) DEFERRABLE INITIALLY DEFERRED;


--
-- Name: app_macky_record app_macky_record_form_id_0767452d_fk_app_macky_form_id; Type: FK CONSTRAINT; Schema: public; Owner: postgres
--

ALTER TABLE ONLY public.app_macky_record
    ADD CONSTRAINT app_macky_record_form_id_0767452d_fk_app_macky_form_id FOREIGN KEY (form_id) REFERENCES public.app_macky_form(id) DEFERRABLE INITIALLY DEFERRED;


--
-- Name: app_macky_record app_macky_record_user_id_a2ec3712_fk_auth_user_id; Type: FK CONSTRAINT; Schema: public; Owner: postgres
--

ALTER TABLE ONLY public.app_macky_record
    ADD CONSTRAINT app_macky_record_user_id_a2ec3712_fk_auth_user_id FOREIGN KEY (user_id) REFERENCES public.auth_user(id) DEFERRABLE INITIALLY DEFERRED;


--
-- Name: app_macky_recordcomment app_macky_recordcomm_record_id_beb6262b_fk_app_macky; Type: FK CONSTRAINT; Schema: public; Owner: postgres
--

ALTER TABLE ONLY public.app_macky_recordcomment
    ADD CONSTRAINT app_macky_recordcomm_record_id_beb6262b_fk_app_macky FOREIGN KEY (record_id) REFERENCES public.app_macky_record(id) DEFERRABLE INITIALLY DEFERRED;


--
-- Name: app_macky_recordcomment app_macky_recordcomment_user_id_44b6aa84_fk_auth_user_id; Type: FK CONSTRAINT; Schema: public; Owner: postgres
--

ALTER TABLE ONLY public.app_macky_recordcomment
    ADD CONSTRAINT app_macky_recordcomment_user_id_44b6aa84_fk_auth_user_id FOREIGN KEY (user_id) REFERENCES public.auth_user(id) DEFERRABLE INITIALLY DEFERRED;


--
-- Name: app_macky_vote app_macky_vote_record_id_0bfd990b_fk_app_macky_record_id; Type: FK CONSTRAINT; Schema: public; Owner: postgres
--

ALTER TABLE ONLY public.app_macky_vote
    ADD CONSTRAINT app_macky_vote_record_id_0bfd990b_fk_app_macky_record_id FOREIGN KEY (record_id) REFERENCES public.app_macky_record(id) DEFERRABLE INITIALLY DEFERRED;


--
-- Name: app_macky_vote app_macky_vote_user_id_49f3861c_fk_auth_user_id; Type: FK CONSTRAINT; Schema: public; Owner: postgres
--

ALTER TABLE ONLY public.app_macky_vote
    ADD CONSTRAINT app_macky_vote_user_id_49f3861c_fk_auth_user_id FOREIGN KEY (user_id) REFERENCES public.auth_user(id) DEFERRABLE INITIALLY DEFERRED;


--
-- Name: auth_group_permissions auth_group_permissio_permission_id_84c5c92e_fk_auth_perm; Type: FK CONSTRAINT; Schema: public; Owner: postgres
--

ALTER TABLE ONLY public.auth_group_permissions
    ADD CONSTRAINT auth_group_permissio_permission_id_84c5c92e_fk_auth_perm FOREIGN KEY (permission_id) REFERENCES public.auth_permission(id) DEFERRABLE INITIALLY DEFERRED;


--
-- Name: auth_group_permissions auth_group_permissions_group_id_b120cbf9_fk_auth_group_id; Type: FK CONSTRAINT; Schema: public; Owner: postgres
--

ALTER TABLE ONLY public.auth_group_permissions
    ADD CONSTRAINT auth_group_permissions_group_id_b120cbf9_fk_auth_group_id FOREIGN KEY (group_id) REFERENCES public.auth_group(id) DEFERRABLE INITIALLY DEFERRED;


--
-- Name: auth_permission auth_permission_content_type_id_2f476e4b_fk_django_co; Type: FK CONSTRAINT; Schema: public; Owner: postgres
--

ALTER TABLE ONLY public.auth_permission
    ADD CONSTRAINT auth_permission_content_type_id_2f476e4b_fk_django_co FOREIGN KEY (content_type_id) REFERENCES public.django_content_type(id) DEFERRABLE INITIALLY DEFERRED;


--
-- Name: auth_user_groups auth_user_groups_group_id_97559544_fk_auth_group_id; Type: FK CONSTRAINT; Schema: public; Owner: postgres
--

ALTER TABLE ONLY public.auth_user_groups
    ADD CONSTRAINT auth_user_groups_group_id_97559544_fk_auth_group_id FOREIGN KEY (group_id) REFERENCES public.auth_group(id) DEFERRABLE INITIALLY DEFERRED;


--
-- Name: auth_user_groups auth_user_groups_user_id_6a12ed8b_fk_auth_user_id; Type: FK CONSTRAINT; Schema: public; Owner: postgres
--

ALTER TABLE ONLY public.auth_user_groups
    ADD CONSTRAINT auth_user_groups_user_id_6a12ed8b_fk_auth_user_id FOREIGN KEY (user_id) REFERENCES public.auth_user(id) DEFERRABLE INITIALLY DEFERRED;


--
-- Name: auth_user_user_permissions auth_user_user_permi_permission_id_1fbb5f2c_fk_auth_perm; Type: FK CONSTRAINT; Schema: public; Owner: postgres
--

ALTER TABLE ONLY public.auth_user_user_permissions
    ADD CONSTRAINT auth_user_user_permi_permission_id_1fbb5f2c_fk_auth_perm FOREIGN KEY (permission_id) REFERENCES public.auth_permission(id) DEFERRABLE INITIALLY DEFERRED;


--
-- Name: auth_user_user_permissions auth_user_user_permissions_user_id_a95ead1b_fk_auth_user_id; Type: FK CONSTRAINT; Schema: public; Owner: postgres
--

ALTER TABLE ONLY public.auth_user_user_permissions
    ADD CONSTRAINT auth_user_user_permissions_user_id_a95ead1b_fk_auth_user_id FOREIGN KEY (user_id) REFERENCES public.auth_user(id) DEFERRABLE INITIALLY DEFERRED;


--
-- Name: django_admin_log django_admin_log_content_type_id_c4bce8eb_fk_django_co; Type: FK CONSTRAINT; Schema: public; Owner: postgres
--

ALTER TABLE ONLY public.django_admin_log
    ADD CONSTRAINT django_admin_log_content_type_id_c4bce8eb_fk_django_co FOREIGN KEY (content_type_id) REFERENCES public.django_content_type(id) DEFERRABLE INITIALLY DEFERRED;


--
-- Name: django_admin_log django_admin_log_user_id_c564eba6_fk_auth_user_id; Type: FK CONSTRAINT; Schema: public; Owner: postgres
--

ALTER TABLE ONLY public.django_admin_log
    ADD CONSTRAINT django_admin_log_user_id_c564eba6_fk_auth_user_id FOREIGN KEY (user_id) REFERENCES public.auth_user(id) DEFERRABLE INITIALLY DEFERRED;


--
-- PostgreSQL database dump complete
--

