--
-- PostgreSQL database dump
--

-- Dumped from database version 14.10 (Ubuntu 14.10-0ubuntu0.22.04.1)
-- Dumped by pg_dump version 14.10 (Ubuntu 14.10-0ubuntu0.22.04.1)

SET statement_timeout = 0;
SET lock_timeout = 0;
SET idle_in_transaction_session_timeout = 0;
SET client_encoding = 'UTF8';
SET standard_conforming_strings = on;
SELECT pg_catalog.set_config('search_path', '', false);
SET check_function_bodies = false;
SET xmloption = content;
SET client_min_messages = warning;
SET row_security = off;

SET default_tablespace = '';

SET default_table_access_method = heap;

--
-- Name: app_macky_atribut; Type: TABLE; Schema: public; Owner: postgres
--

CREATE TABLE public.app_macky_atribut (
    id bigint NOT NULL,
    vytvoreny timestamp with time zone NOT NULL,
    aktualizovany timestamp with time zone NOT NULL,
    nazov character varying(255) NOT NULL,
    typ character varying(100) NOT NULL
);


ALTER TABLE public.app_macky_atribut OWNER TO postgres;

--
-- Name: app_macky_atribut_id_seq; Type: SEQUENCE; Schema: public; Owner: postgres
--

ALTER TABLE public.app_macky_atribut ALTER COLUMN id ADD GENERATED BY DEFAULT AS IDENTITY (
    SEQUENCE NAME public.app_macky_atribut_id_seq
    START WITH 1
    INCREMENT BY 1
    NO MINVALUE
    NO MAXVALUE
    CACHE 1
);


--
-- Name: app_macky_formular; Type: TABLE; Schema: public; Owner: postgres
--

CREATE TABLE public.app_macky_formular (
    id bigint NOT NULL,
    vytvoreny timestamp with time zone NOT NULL,
    aktualizovany timestamp with time zone NOT NULL,
    formular_nazov character varying(255) NOT NULL,
    zobrazit_v_galerii boolean NOT NULL
);


ALTER TABLE public.app_macky_formular OWNER TO postgres;

--
-- Name: app_macky_formular_atribut; Type: TABLE; Schema: public; Owner: postgres
--

CREATE TABLE public.app_macky_formular_atribut (
    id bigint NOT NULL,
    vytvoreny timestamp with time zone NOT NULL,
    aktualizovany timestamp with time zone NOT NULL,
    povinny boolean NOT NULL,
    zobrazit_v_galerii boolean NOT NULL,
    atribut_id bigint NOT NULL,
    formular_id bigint NOT NULL
);


ALTER TABLE public.app_macky_formular_atribut OWNER TO postgres;

--
-- Name: app_macky_formular_atribut_udaje; Type: TABLE; Schema: public; Owner: postgres
--

CREATE TABLE public.app_macky_formular_atribut_udaje (
    id bigint NOT NULL,
    vytvoreny timestamp with time zone NOT NULL,
    aktualizovany timestamp with time zone NOT NULL,
    hodnota character varying(512),
    formular_atribut_id bigint NOT NULL,
    zaznam_id bigint
);


ALTER TABLE public.app_macky_formular_atribut_udaje OWNER TO postgres;

--
-- Name: app_macky_formular_id_seq; Type: SEQUENCE; Schema: public; Owner: postgres
--

ALTER TABLE public.app_macky_formular ALTER COLUMN id ADD GENERATED BY DEFAULT AS IDENTITY (
    SEQUENCE NAME public.app_macky_formular_id_seq
    START WITH 1
    INCREMENT BY 1
    NO MINVALUE
    NO MAXVALUE
    CACHE 1
);


--
-- Name: app_macky_formularatribut_id_seq; Type: SEQUENCE; Schema: public; Owner: postgres
--

ALTER TABLE public.app_macky_formular_atribut ALTER COLUMN id ADD GENERATED BY DEFAULT AS IDENTITY (
    SEQUENCE NAME public.app_macky_formularatribut_id_seq
    START WITH 1
    INCREMENT BY 1
    NO MINVALUE
    NO MAXVALUE
    CACHE 1
);


--
-- Name: app_macky_formularatributudaje_id_seq; Type: SEQUENCE; Schema: public; Owner: postgres
--

ALTER TABLE public.app_macky_formular_atribut_udaje ALTER COLUMN id ADD GENERATED BY DEFAULT AS IDENTITY (
    SEQUENCE NAME public.app_macky_formularatributudaje_id_seq
    START WITH 1
    INCREMENT BY 1
    NO MINVALUE
    NO MAXVALUE
    CACHE 1
);


--
-- Name: app_macky_galeria; Type: TABLE; Schema: public; Owner: postgres
--

CREATE TABLE public.app_macky_galeria (
    id bigint NOT NULL,
    vytvoreny timestamp with time zone NOT NULL,
    aktualizovany timestamp with time zone NOT NULL,
    galeria_nazov character varying(255) NOT NULL,
    formular_id bigint NOT NULL
);


ALTER TABLE public.app_macky_galeria OWNER TO postgres;

--
-- Name: app_macky_galeria_id_seq; Type: SEQUENCE; Schema: public; Owner: postgres
--

ALTER TABLE public.app_macky_galeria ALTER COLUMN id ADD GENERATED BY DEFAULT AS IDENTITY (
    SEQUENCE NAME public.app_macky_galeria_id_seq
    START WITH 1
    INCREMENT BY 1
    NO MINVALUE
    NO MAXVALUE
    CACHE 1
);


--
-- Name: app_macky_hlas; Type: TABLE; Schema: public; Owner: postgres
--

CREATE TABLE public.app_macky_hlas (
    id bigint NOT NULL,
    vytvoreny timestamp with time zone NOT NULL,
    aktualizovany timestamp with time zone NOT NULL,
    typ_hlasu character varying(10) NOT NULL,
    user_id integer NOT NULL,
    zaznam_id bigint NOT NULL
);


ALTER TABLE public.app_macky_hlas OWNER TO postgres;

--
-- Name: app_macky_hlas_id_seq; Type: SEQUENCE; Schema: public; Owner: postgres
--

ALTER TABLE public.app_macky_hlas ALTER COLUMN id ADD GENERATED BY DEFAULT AS IDENTITY (
    SEQUENCE NAME public.app_macky_hlas_id_seq
    START WITH 1
    INCREMENT BY 1
    NO MINVALUE
    NO MAXVALUE
    CACHE 1
);


--
-- Name: app_macky_zaznam; Type: TABLE; Schema: public; Owner: postgres
--

CREATE TABLE public.app_macky_zaznam (
    id bigint NOT NULL,
    vytvoreny timestamp with time zone NOT NULL,
    aktualizovany timestamp with time zone NOT NULL,
    opis text NOT NULL,
    formular_id bigint,
    user_id integer
);


ALTER TABLE public.app_macky_zaznam OWNER TO postgres;

--
-- Name: app_macky_zaznam_id_seq; Type: SEQUENCE; Schema: public; Owner: postgres
--

ALTER TABLE public.app_macky_zaznam ALTER COLUMN id ADD GENERATED BY DEFAULT AS IDENTITY (
    SEQUENCE NAME public.app_macky_zaznam_id_seq
    START WITH 1
    INCREMENT BY 1
    NO MINVALUE
    NO MAXVALUE
    CACHE 1
);


--
-- Name: app_macky_zaznam_komentar; Type: TABLE; Schema: public; Owner: postgres
--

CREATE TABLE public.app_macky_zaznam_komentar (
    id bigint NOT NULL,
    vytvoreny timestamp with time zone NOT NULL,
    aktualizovany timestamp with time zone NOT NULL,
    komentar text NOT NULL,
    povoleny_adminom boolean NOT NULL,
    user_id integer,
    zaznam_id bigint
);


ALTER TABLE public.app_macky_zaznam_komentar OWNER TO postgres;

--
-- Name: app_macky_zaznamkomentar_id_seq; Type: SEQUENCE; Schema: public; Owner: postgres
--

ALTER TABLE public.app_macky_zaznam_komentar ALTER COLUMN id ADD GENERATED BY DEFAULT AS IDENTITY (
    SEQUENCE NAME public.app_macky_zaznamkomentar_id_seq
    START WITH 1
    INCREMENT BY 1
    NO MINVALUE
    NO MAXVALUE
    CACHE 1
);


--
-- Name: auth_group; Type: TABLE; Schema: public; Owner: postgres
--

CREATE TABLE public.auth_group (
    id integer NOT NULL,
    name character varying(150) NOT NULL
);


ALTER TABLE public.auth_group OWNER TO postgres;

--
-- Name: auth_group_id_seq; Type: SEQUENCE; Schema: public; Owner: postgres
--

ALTER TABLE public.auth_group ALTER COLUMN id ADD GENERATED BY DEFAULT AS IDENTITY (
    SEQUENCE NAME public.auth_group_id_seq
    START WITH 1
    INCREMENT BY 1
    NO MINVALUE
    NO MAXVALUE
    CACHE 1
);


--
-- Name: auth_group_permissions; Type: TABLE; Schema: public; Owner: postgres
--

CREATE TABLE public.auth_group_permissions (
    id bigint NOT NULL,
    group_id integer NOT NULL,
    permission_id integer NOT NULL
);


ALTER TABLE public.auth_group_permissions OWNER TO postgres;

--
-- Name: auth_group_permissions_id_seq; Type: SEQUENCE; Schema: public; Owner: postgres
--

ALTER TABLE public.auth_group_permissions ALTER COLUMN id ADD GENERATED BY DEFAULT AS IDENTITY (
    SEQUENCE NAME public.auth_group_permissions_id_seq
    START WITH 1
    INCREMENT BY 1
    NO MINVALUE
    NO MAXVALUE
    CACHE 1
);


--
-- Name: auth_permission; Type: TABLE; Schema: public; Owner: postgres
--

CREATE TABLE public.auth_permission (
    id integer NOT NULL,
    name character varying(255) NOT NULL,
    content_type_id integer NOT NULL,
    codename character varying(100) NOT NULL
);


ALTER TABLE public.auth_permission OWNER TO postgres;

--
-- Name: auth_permission_id_seq; Type: SEQUENCE; Schema: public; Owner: postgres
--

ALTER TABLE public.auth_permission ALTER COLUMN id ADD GENERATED BY DEFAULT AS IDENTITY (
    SEQUENCE NAME public.auth_permission_id_seq
    START WITH 1
    INCREMENT BY 1
    NO MINVALUE
    NO MAXVALUE
    CACHE 1
);


--
-- Name: auth_user; Type: TABLE; Schema: public; Owner: postgres
--

CREATE TABLE public.auth_user (
    id integer NOT NULL,
    password character varying(128) NOT NULL,
    last_login timestamp with time zone,
    is_superuser boolean NOT NULL,
    username character varying(150) NOT NULL,
    first_name character varying(150) NOT NULL,
    last_name character varying(150) NOT NULL,
    email character varying(254) NOT NULL,
    is_staff boolean NOT NULL,
    is_active boolean NOT NULL,
    date_joined timestamp with time zone NOT NULL
);


ALTER TABLE public.auth_user OWNER TO postgres;

--
-- Name: auth_user_groups; Type: TABLE; Schema: public; Owner: postgres
--

CREATE TABLE public.auth_user_groups (
    id bigint NOT NULL,
    user_id integer NOT NULL,
    group_id integer NOT NULL
);


ALTER TABLE public.auth_user_groups OWNER TO postgres;

--
-- Name: auth_user_groups_id_seq; Type: SEQUENCE; Schema: public; Owner: postgres
--

ALTER TABLE public.auth_user_groups ALTER COLUMN id ADD GENERATED BY DEFAULT AS IDENTITY (
    SEQUENCE NAME public.auth_user_groups_id_seq
    START WITH 1
    INCREMENT BY 1
    NO MINVALUE
    NO MAXVALUE
    CACHE 1
);


--
-- Name: auth_user_id_seq; Type: SEQUENCE; Schema: public; Owner: postgres
--

ALTER TABLE public.auth_user ALTER COLUMN id ADD GENERATED BY DEFAULT AS IDENTITY (
    SEQUENCE NAME public.auth_user_id_seq
    START WITH 1
    INCREMENT BY 1
    NO MINVALUE
    NO MAXVALUE
    CACHE 1
);


--
-- Name: auth_user_user_permissions; Type: TABLE; Schema: public; Owner: postgres
--

CREATE TABLE public.auth_user_user_permissions (
    id bigint NOT NULL,
    user_id integer NOT NULL,
    permission_id integer NOT NULL
);


ALTER TABLE public.auth_user_user_permissions OWNER TO postgres;

--
-- Name: auth_user_user_permissions_id_seq; Type: SEQUENCE; Schema: public; Owner: postgres
--

ALTER TABLE public.auth_user_user_permissions ALTER COLUMN id ADD GENERATED BY DEFAULT AS IDENTITY (
    SEQUENCE NAME public.auth_user_user_permissions_id_seq
    START WITH 1
    INCREMENT BY 1
    NO MINVALUE
    NO MAXVALUE
    CACHE 1
);


--
-- Name: django_admin_log; Type: TABLE; Schema: public; Owner: postgres
--

CREATE TABLE public.django_admin_log (
    id integer NOT NULL,
    action_time timestamp with time zone NOT NULL,
    object_id text,
    object_repr character varying(200) NOT NULL,
    action_flag smallint NOT NULL,
    change_message text NOT NULL,
    content_type_id integer,
    user_id integer NOT NULL,
    CONSTRAINT django_admin_log_action_flag_check CHECK ((action_flag >= 0))
);


ALTER TABLE public.django_admin_log OWNER TO postgres;

--
-- Name: django_admin_log_id_seq; Type: SEQUENCE; Schema: public; Owner: postgres
--

ALTER TABLE public.django_admin_log ALTER COLUMN id ADD GENERATED BY DEFAULT AS IDENTITY (
    SEQUENCE NAME public.django_admin_log_id_seq
    START WITH 1
    INCREMENT BY 1
    NO MINVALUE
    NO MAXVALUE
    CACHE 1
);


--
-- Name: django_content_type; Type: TABLE; Schema: public; Owner: postgres
--

CREATE TABLE public.django_content_type (
    id integer NOT NULL,
    app_label character varying(100) NOT NULL,
    model character varying(100) NOT NULL
);


ALTER TABLE public.django_content_type OWNER TO postgres;

--
-- Name: django_content_type_id_seq; Type: SEQUENCE; Schema: public; Owner: postgres
--

ALTER TABLE public.django_content_type ALTER COLUMN id ADD GENERATED BY DEFAULT AS IDENTITY (
    SEQUENCE NAME public.django_content_type_id_seq
    START WITH 1
    INCREMENT BY 1
    NO MINVALUE
    NO MAXVALUE
    CACHE 1
);


--
-- Name: django_migrations; Type: TABLE; Schema: public; Owner: postgres
--

CREATE TABLE public.django_migrations (
    id bigint NOT NULL,
    app character varying(255) NOT NULL,
    name character varying(255) NOT NULL,
    applied timestamp with time zone NOT NULL
);


ALTER TABLE public.django_migrations OWNER TO postgres;

--
-- Name: django_migrations_id_seq; Type: SEQUENCE; Schema: public; Owner: postgres
--

ALTER TABLE public.django_migrations ALTER COLUMN id ADD GENERATED BY DEFAULT AS IDENTITY (
    SEQUENCE NAME public.django_migrations_id_seq
    START WITH 1
    INCREMENT BY 1
    NO MINVALUE
    NO MAXVALUE
    CACHE 1
);


--
-- Name: django_session; Type: TABLE; Schema: public; Owner: postgres
--

CREATE TABLE public.django_session (
    session_key character varying(40) NOT NULL,
    session_data text NOT NULL,
    expire_date timestamp with time zone NOT NULL
);


ALTER TABLE public.django_session OWNER TO postgres;

--
-- Data for Name: app_macky_atribut; Type: TABLE DATA; Schema: public; Owner: postgres
--

COPY public.app_macky_atribut (id, vytvoreny, aktualizovany, nazov, typ) FROM stdin;
12	2024-05-14 12:31:47.17377+02	2024-05-14 12:31:47.173783+02	hmotnosť	int
13	2024-05-14 12:31:53.426542+02	2024-05-14 12:31:53.426555+02	dátum narodenia	date
14	2024-05-14 12:32:01.848744+02	2024-05-14 12:32:01.848751+02	obrázok	obrazok_url
15	2024-05-14 12:32:11.233537+02	2024-05-14 12:32:11.233543+02	farba	str
16	2024-05-14 12:32:17.917296+02	2024-05-14 12:32:17.917304+02	kastrácia	bool
11	2024-05-14 12:31:32.553111+02	2024-05-14 12:31:32.55312+02	vek	int
\.


--
-- Data for Name: app_macky_formular; Type: TABLE DATA; Schema: public; Owner: postgres
--

COPY public.app_macky_formular (id, vytvoreny, aktualizovany, formular_nazov, zobrazit_v_galerii) FROM stdin;
12	2024-05-14 12:37:11.178585+02	2024-05-14 12:37:11.178598+02	Siamská	t
13	2024-05-14 12:37:37.174996+02	2024-05-14 12:37:37.175008+02	Maine Coon	t
9	2024-05-14 12:35:42.086606+02	2024-05-14 12:35:42.086616+02	Bombajská	t
10	2024-05-14 12:36:19.549763+02	2024-05-14 12:36:19.549776+02	Britská krátkosrstá	t
11	2024-05-14 12:36:42.637334+02	2024-05-14 12:36:42.637346+02	Perzská	t
\.


--
-- Data for Name: app_macky_formular_atribut; Type: TABLE DATA; Schema: public; Owner: postgres
--

COPY public.app_macky_formular_atribut (id, vytvoreny, aktualizovany, povinny, zobrazit_v_galerii, atribut_id, formular_id) FROM stdin;
191	2024-05-14 12:36:42.684694+02	2024-05-14 12:36:42.684701+02	f	t	15	11
192	2024-05-14 12:37:11.209628+02	2024-05-14 12:37:11.209638+02	t	t	12	12
193	2024-05-14 12:37:11.216982+02	2024-05-14 12:37:11.216999+02	t	t	13	12
194	2024-05-14 12:37:11.224784+02	2024-05-14 12:37:11.224794+02	t	t	14	12
195	2024-05-14 12:37:11.23202+02	2024-05-14 12:37:11.232034+02	t	t	15	12
196	2024-05-14 12:37:11.239265+02	2024-05-14 12:37:11.239278+02	t	t	16	12
197	2024-05-14 12:37:11.24677+02	2024-05-14 12:37:11.246782+02	t	t	11	12
179	2024-05-14 12:35:42.122103+02	2024-05-14 12:35:42.122117+02	t	t	14	9
180	2024-05-14 12:35:42.133545+02	2024-05-14 12:35:42.133558+02	t	t	12	9
181	2024-05-14 12:35:42.143593+02	2024-05-14 12:35:42.143612+02	t	t	11	9
182	2024-05-14 12:35:42.152621+02	2024-05-14 12:35:42.152634+02	f	t	16	9
198	2024-05-14 12:37:37.209606+02	2024-05-14 12:37:37.209619+02	t	t	14	13
199	2024-05-14 12:37:37.219047+02	2024-05-14 12:37:37.219058+02	t	t	11	13
200	2024-05-14 12:37:37.226885+02	2024-05-14 12:37:37.226896+02	t	t	12	13
183	2024-05-14 12:36:19.578299+02	2024-05-14 12:36:19.578305+02	t	t	14	10
184	2024-05-14 12:36:19.582717+02	2024-05-14 12:36:19.582727+02	t	t	15	10
185	2024-05-14 12:36:19.587202+02	2024-05-14 12:36:19.587208+02	t	t	16	10
186	2024-05-14 12:36:19.591917+02	2024-05-14 12:36:19.591923+02	t	t	11	10
187	2024-05-14 12:36:42.66551+02	2024-05-14 12:36:42.665518+02	t	t	14	11
188	2024-05-14 12:36:42.67143+02	2024-05-14 12:36:42.671438+02	t	t	11	11
189	2024-05-14 12:36:42.675856+02	2024-05-14 12:36:42.675862+02	t	t	12	11
190	2024-05-14 12:36:42.680884+02	2024-05-14 12:36:42.68089+02	f	t	13	11
\.


--
-- Data for Name: app_macky_formular_atribut_udaje; Type: TABLE DATA; Schema: public; Owner: postgres
--

COPY public.app_macky_formular_atribut_udaje (id, vytvoreny, aktualizovany, hodnota, formular_atribut_id, zaznam_id) FROM stdin;
89	2024-05-14 12:56:05.108793+02	2024-05-14 12:56:05.108809+02	5	180	32
90	2024-05-14 12:56:05.11459+02	2024-05-14 12:56:05.1146+02	7	181	32
91	2024-05-14 12:56:05.119999+02	2024-05-14 12:56:05.12001+02	nie	182	32
93	2024-05-14 12:56:49.190136+02	2024-05-14 12:56:49.190143+02	4	180	33
94	2024-05-14 12:56:49.193774+02	2024-05-14 12:56:49.19378+02	8	181	33
95	2024-05-14 12:56:49.196606+02	2024-05-14 12:56:49.196612+02	nie	182	33
84	2024-05-14 12:45:49.180189+02	2024-05-14 12:45:49.180202+02	/media/OIP.jpeg	179	30
85	2024-05-14 12:55:42.438589+02	2024-05-14 12:55:42.438597+02	4	180	31
86	2024-05-14 12:55:42.441932+02	2024-05-14 12:55:42.441939+02	6	181	31
87	2024-05-14 12:55:42.445189+02	2024-05-14 12:55:42.445196+02	áno	182	31
88	2024-05-14 12:55:42.451488+02	2024-05-14 12:55:42.451503+02	/media/OIP1.jpeg	179	31
92	2024-05-14 12:56:05.127343+02	2024-05-14 12:56:05.127363+02	/media/OIP2.jpeg	179	32
96	2024-05-14 12:56:49.2003+02	2024-05-14 12:56:49.200307+02	/media/OIP3.jpeg	179	33
81	2024-05-14 12:45:49.162134+02	2024-05-14 12:45:49.162149+02	3	180	30
82	2024-05-14 12:45:49.168509+02	2024-05-14 12:45:49.168522+02	6	181	30
83	2024-05-14 12:45:49.174679+02	2024-05-14 12:45:49.174689+02	áno	182	30
101	2024-05-14 13:04:56.976322+02	2024-05-14 13:04:56.97633+02	7	192	35
102	2024-05-14 13:04:56.979858+02	2024-05-14 13:04:56.979864+02	2022-12-06	193	35
103	2024-05-14 13:04:56.984763+02	2024-05-14 13:04:56.984773+02	biela	195	35
104	2024-05-14 13:04:56.989958+02	2024-05-14 13:04:56.98997+02	áno	196	35
105	2024-05-14 13:04:57.001606+02	2024-05-14 13:04:57.001616+02	4	197	35
106	2024-05-14 13:04:57.009759+02	2024-05-14 13:04:57.009773+02	/media/R.jpeg	194	35
108	2024-05-14 13:07:33.168364+02	2024-05-14 13:07:33.168373+02	4	192	37
109	2024-05-14 13:07:33.17527+02	2024-05-14 13:07:33.17528+02	2023-06-15	193	37
110	2024-05-14 13:07:33.181341+02	2024-05-14 13:07:33.181352+02	biela	195	37
111	2024-05-14 13:07:33.187556+02	2024-05-14 13:07:33.18757+02	nie	196	37
112	2024-05-14 13:07:33.194439+02	2024-05-14 13:07:33.194451+02	7	197	37
113	2024-05-14 13:07:33.201401+02	2024-05-14 13:07:33.201412+02	/media/R1.jpeg	194	37
119	2024-05-14 13:08:05.999054+02	2024-05-14 13:08:05.999072+02	/media/OIP_O34TeWx.jpeg	194	38
120	2024-05-14 13:08:44.108376+02	2024-05-14 13:08:44.108388+02	3	192	39
121	2024-05-14 13:08:44.11675+02	2024-05-14 13:08:44.116763+02	2024-02-03	193	39
122	2024-05-14 13:08:44.123536+02	2024-05-14 13:08:44.123549+02	biela	195	39
123	2024-05-14 13:08:44.130924+02	2024-05-14 13:08:44.130937+02	áno	196	39
124	2024-05-14 13:08:44.138023+02	2024-05-14 13:08:44.138035+02	2	197	39
125	2024-05-14 13:08:44.146123+02	2024-05-14 13:08:44.146137+02	/media/OIP1_XrWACi0.jpeg	194	39
126	2024-05-14 13:13:31.429386+02	2024-05-14 13:13:31.429392+02	sivá	191	40
127	2024-05-14 13:13:31.433035+02	2024-05-14 13:13:31.433042+02	7	188	40
128	2024-05-14 13:13:31.436048+02	2024-05-14 13:13:31.436055+02	12	189	40
129	2024-05-14 13:13:31.439452+02	2024-05-14 13:13:31.439458+02	2018-05-22	190	40
130	2024-05-14 13:13:31.444025+02	2024-05-14 13:13:31.444032+02	/media/OIP_UrBRPWh.jpeg	187	40
131	2024-05-14 13:14:23.55751+02	2024-05-14 13:14:23.557523+02	hnedá	191	41
132	2024-05-14 13:14:23.564909+02	2024-05-14 13:14:23.564922+02	1	188	41
133	2024-05-14 13:14:23.572778+02	2024-05-14 13:14:23.572793+02	1	189	41
134	2024-05-14 13:14:23.579873+02	2024-05-14 13:14:23.579886+02	2023-15-12	190	41
135	2024-05-14 13:14:23.588814+02	2024-05-14 13:14:23.588831+02	/media/OIP1_BouQP2j.jpeg	187	41
136	2024-05-14 13:15:52.808093+02	2024-05-14 13:15:52.808099+02	3	199	42
137	2024-05-14 13:15:52.812034+02	2024-05-14 13:15:52.812041+02	2	200	42
138	2024-05-14 13:15:52.816415+02	2024-05-14 13:15:52.816423+02	/media/R_1tqceGx.jpeg	198	42
139	2024-05-14 13:16:06.168936+02	2024-05-14 13:16:06.168943+02	6	199	43
140	2024-05-14 13:16:06.172189+02	2024-05-14 13:16:06.172195+02	6	200	43
141	2024-05-14 13:16:06.176111+02	2024-05-14 13:16:06.176118+02	/media/R1_f5yEecg.jpeg	198	43
142	2024-05-14 13:16:33.185921+02	2024-05-14 13:16:33.185928+02	8	199	44
143	2024-05-14 13:16:33.194553+02	2024-05-14 13:16:33.19456+02	5	200	44
144	2024-05-14 13:16:33.202131+02	2024-05-14 13:16:33.202137+02	/media/R4.jpeg	198	44
145	2024-05-14 13:18:06.508861+02	2024-05-14 13:18:06.508872+02	sivá	184	45
146	2024-05-14 13:18:06.516138+02	2024-05-14 13:18:06.516156+02	áno	185	45
147	2024-05-14 13:18:06.523919+02	2024-05-14 13:18:06.523933+02	4	186	45
148	2024-05-14 13:18:06.531889+02	2024-05-14 13:18:06.531902+02	/media/R_hDbVVtD.jpeg	183	45
149	2024-05-14 13:18:38.877697+02	2024-05-14 13:18:38.877707+02	biela	184	46
150	2024-05-14 13:18:38.882405+02	2024-05-14 13:18:38.882412+02	nie	185	46
151	2024-05-14 13:18:38.886632+02	2024-05-14 13:18:38.886644+02	2	186	46
152	2024-05-14 13:18:38.890703+02	2024-05-14 13:18:38.89071+02	/media/OIP1_l3d5ISC.jpeg	183	46
153	2024-05-14 13:19:14.21033+02	2024-05-14 13:19:14.210343+02	sivá	184	47
154	2024-05-14 13:19:14.217851+02	2024-05-14 13:19:14.217863+02	áno	185	47
155	2024-05-14 13:19:14.225106+02	2024-05-14 13:19:14.225118+02	5	186	47
156	2024-05-14 13:19:14.232076+02	2024-05-14 13:19:14.232088+02	/media/OIP_USeqx3m.jpeg	183	47
114	2024-05-14 13:08:05.960284+02	2024-05-14 13:08:05.960297+02	4	192	38
115	2024-05-14 13:08:05.968665+02	2024-05-14 13:08:05.968676+02	2024-06-05	193	38
116	2024-05-14 13:08:05.975443+02	2024-05-14 13:08:05.975454+02	svetlá	195	38
117	2024-05-14 13:08:05.98307+02	2024-05-14 13:08:05.983088+02	nie	196	38
118	2024-05-14 13:08:05.990767+02	2024-05-14 13:08:05.99078+02	1	197	38
\.


--
-- Data for Name: app_macky_galeria; Type: TABLE DATA; Schema: public; Owner: postgres
--

COPY public.app_macky_galeria (id, vytvoreny, aktualizovany, galeria_nazov, formular_id) FROM stdin;
11	2024-05-14 12:38:31.786706+02	2024-05-14 12:38:31.786719+02	Britská krátkosrstá	10
12	2024-05-14 12:38:44.241891+02	2024-05-14 12:38:44.241897+02	Perzská	11
16	2024-05-14 12:43:22.828917+02	2024-05-14 12:43:22.828937+02	Siamská	12
18	2024-05-14 12:44:31.093071+02	2024-05-14 12:44:31.093079+02	Maine Coon	13
10	2024-05-14 12:38:00.839093+02	2024-05-14 12:38:00.839109+02	Bombajská	9
\.


--
-- Data for Name: app_macky_hlas; Type: TABLE DATA; Schema: public; Owner: postgres
--

COPY public.app_macky_hlas (id, vytvoreny, aktualizovany, typ_hlasu, user_id, zaznam_id) FROM stdin;
12	2024-05-14 13:11:16.681479+02	2024-05-14 13:11:16.681494+02	up	38	33
13	2024-05-14 13:11:17.545335+02	2024-05-14 13:11:17.545348+02	up	38	32
14	2024-05-14 13:11:18.459134+02	2024-05-14 13:11:18.459147+02	down	38	30
15	2024-05-14 13:11:20.039427+02	2024-05-14 13:11:20.03944+02	up	38	31
16	2024-05-14 13:19:28.2678+02	2024-05-14 13:19:28.26781+02	up	36	45
17	2024-05-14 13:19:28.93251+02	2024-05-14 13:19:28.932517+02	up	36	46
18	2024-05-14 13:19:29.502409+02	2024-05-14 13:19:29.502416+02	down	36	47
19	2024-05-14 13:19:54.800928+02	2024-05-14 13:19:54.800936+02	down	36	35
20	2024-05-14 13:19:55.791878+02	2024-05-14 13:19:55.791891+02	down	36	37
21	2024-05-14 13:19:56.424051+02	2024-05-14 13:19:56.424057+02	down	36	38
23	2024-05-15 21:16:27.517686+02	2024-05-15 21:16:27.517699+02	up	38	40
24	2024-05-19 17:38:14.128781+02	2024-05-19 17:38:14.128796+02	up	37	43
26	2024-05-19 17:38:15.937833+02	2024-05-19 17:38:15.937847+02	down	37	42
25	2024-05-19 17:38:15.165918+02	2024-05-19 17:38:15.165929+02	up	37	44
22	2024-05-15 21:16:26.56469+02	2024-05-15 21:16:26.564702+02	up	38	41
27	2024-05-19 20:13:49.744857+02	2024-05-19 20:13:49.744873+02	down	24	42
\.


--
-- Data for Name: app_macky_zaznam; Type: TABLE DATA; Schema: public; Owner: postgres
--

COPY public.app_macky_zaznam (id, vytvoreny, aktualizovany, opis, formular_id, user_id) FROM stdin;
38	2024-05-14 13:08:05.949761+02	2024-05-14 13:08:05.949779+02		12	38
45	2024-05-14 13:18:06.49823+02	2024-05-14 13:18:06.498242+02		10	38
43	2024-05-14 13:16:06.163605+02	2024-05-14 13:16:06.16361+02		13	39
30	2024-05-14 12:45:49.151106+02	2024-05-14 12:45:49.151122+02	Kastrovaná bombajská.	9	37
35	2024-05-14 13:04:56.969381+02	2024-05-14 13:04:56.969388+02	biela s čiernym pásikom	12	38
37	2024-05-14 13:07:33.156018+02	2024-05-14 13:07:33.156033+02	číha na potravu	12	38
39	2024-05-14 13:08:44.093769+02	2024-05-14 13:08:44.093784+02	kastrovaná mladá micka.	12	38
40	2024-05-14 13:13:31.421277+02	2024-05-14 13:13:31.421284+02	namosúrená, nedostala obed.	11	39
41	2024-05-14 13:14:23.543761+02	2024-05-14 13:14:23.543774+02	mladý kocúr.	11	39
42	2024-05-14 13:15:52.799792+02	2024-05-14 13:15:52.799799+02	neposlušná, stále trhá závesy.	13	39
44	2024-05-14 13:16:33.178552+02	2024-05-14 13:16:33.178559+02	často sa vyhrieva, sledujo ľudí okolo.	13	39
46	2024-05-14 13:18:38.867786+02	2024-05-14 13:18:38.867799+02	bielá s čiernými pásikami, ako zebra.	10	38
47	2024-05-14 13:19:14.197217+02	2024-05-14 13:19:14.197229+02	Neustále unavená, lenivá ale niekedy chití mišku.	10	38
32	2024-05-14 12:56:05.097557+02	2024-05-14 12:56:05.09757+02	vyhrieva sa na strome...	9	37
33	2024-05-14 12:56:49.182242+02	2024-05-14 12:56:49.182249+02	malý lovec.	9	37
31	2024-05-14 12:55:42.433129+02	2024-05-14 12:55:42.433136+02		9	37
\.


--
-- Data for Name: app_macky_zaznam_komentar; Type: TABLE DATA; Schema: public; Owner: postgres
--

COPY public.app_macky_zaznam_komentar (id, vytvoreny, aktualizovany, komentar, povoleny_adminom, user_id, zaznam_id) FROM stdin;
41	2024-05-19 20:12:19.779206+02	2024-05-19 20:12:19.779216+02	neschválený komentár.	f	\N	42
29	2024-05-14 13:01:06.975622+02	2024-05-14 13:01:06.97564+02	kukuč :)	t	24	31
30	2024-05-14 13:01:27.55391+02	2024-05-14 13:01:27.553921+02	lenivá	t	\N	32
31	2024-05-14 13:02:44.48334+02	2024-05-14 13:02:44.483358+02	pravda.	t	24	32
32	2024-05-14 13:11:48.519661+02	2024-05-14 13:11:48.519677+02	nema kde spať len na posteli :)	t	38	30
34	2024-05-14 13:19:50.207701+02	2024-05-14 13:19:50.207708+02	Takú chcem.	t	36	47
28	2024-05-14 12:55:42.453935+02	2024-05-14 12:55:42.45395+02	pekná	t	37	31
\.


--
-- Data for Name: auth_group; Type: TABLE DATA; Schema: public; Owner: postgres
--

COPY public.auth_group (id, name) FROM stdin;
1	prihlásený použivateľ
2	admin
3	posudzovateľ
\.


--
-- Data for Name: auth_group_permissions; Type: TABLE DATA; Schema: public; Owner: postgres
--

COPY public.auth_group_permissions (id, group_id, permission_id) FROM stdin;
\.


--
-- Data for Name: auth_permission; Type: TABLE DATA; Schema: public; Owner: postgres
--

COPY public.auth_permission (id, name, content_type_id, codename) FROM stdin;
1	Can add attribute	1	add_attribute
2	Can change attribute	1	change_attribute
3	Can delete attribute	1	delete_attribute
4	Can view attribute	1	view_attribute
5	Can add form	2	add_form
6	Can change form	2	change_form
7	Can delete form	2	delete_form
8	Can view form	2	view_form
9	Can add record	3	add_record
10	Can change record	3	change_record
11	Can delete record	3	delete_record
12	Can view record	3	view_record
13	Can add record comment	4	add_recordcomment
14	Can change record comment	4	change_recordcomment
15	Can delete record comment	4	delete_recordcomment
16	Can view record comment	4	view_recordcomment
17	Can add form attribute	5	add_formattribute
18	Can change form attribute	5	change_formattribute
19	Can delete form attribute	5	delete_formattribute
20	Can view form attribute	5	view_formattribute
21	Can add log entry	6	add_logentry
22	Can change log entry	6	change_logentry
23	Can delete log entry	6	delete_logentry
24	Can view log entry	6	view_logentry
25	Can add permission	7	add_permission
26	Can change permission	7	change_permission
27	Can delete permission	7	delete_permission
28	Can view permission	7	view_permission
29	Can add group	8	add_group
30	Can change group	8	change_group
31	Can delete group	8	delete_group
32	Can view group	8	view_group
33	Can add user	9	add_user
34	Can change user	9	change_user
35	Can delete user	9	delete_user
36	Can view user	9	view_user
37	Can add content type	10	add_contenttype
38	Can change content type	10	change_contenttype
39	Can delete content type	10	delete_contenttype
40	Can view content type	10	view_contenttype
41	Can add session	11	add_session
42	Can change session	11	change_session
43	Can delete session	11	delete_session
44	Can view session	11	view_session
45	Can add gallery	12	add_gallery
46	Can change gallery	12	change_gallery
47	Can delete gallery	12	delete_gallery
48	Can view gallery	12	view_gallery
49	Can add form attribute data	13	add_formattributedata
50	Can change form attribute data	13	change_formattributedata
51	Can delete form attribute data	13	delete_formattributedata
52	Can view form attribute data	13	view_formattributedata
53	Can add vote	14	add_vote
54	Can change vote	14	change_vote
55	Can delete vote	14	delete_vote
56	Can view vote	14	view_vote
57	Can add atribut	15	add_atribut
58	Can change atribut	15	change_atribut
59	Can delete atribut	15	delete_atribut
60	Can view atribut	15	view_atribut
61	Can add formular	16	add_formular
62	Can change formular	16	change_formular
63	Can delete formular	16	delete_formular
64	Can view formular	16	view_formular
65	Can add formular atribut	17	add_formularatribut
66	Can change formular atribut	17	change_formularatribut
67	Can delete formular atribut	17	delete_formularatribut
68	Can view formular atribut	17	view_formularatribut
69	Can add formular atribut udaje	18	add_formularatributudaje
70	Can change formular atribut udaje	18	change_formularatributudaje
71	Can delete formular atribut udaje	18	delete_formularatributudaje
72	Can view formular atribut udaje	18	view_formularatributudaje
73	Can add galeria	19	add_galeria
74	Can change galeria	19	change_galeria
75	Can delete galeria	19	delete_galeria
76	Can view galeria	19	view_galeria
77	Can add hlas	20	add_hlas
78	Can change hlas	20	change_hlas
79	Can delete hlas	20	delete_hlas
80	Can view hlas	20	view_hlas
81	Can add zaznam	21	add_zaznam
82	Can change zaznam	21	change_zaznam
83	Can delete zaznam	21	delete_zaznam
84	Can view zaznam	21	view_zaznam
85	Can add zaznam komentar	22	add_zaznamkomentar
86	Can change zaznam komentar	22	change_zaznamkomentar
87	Can delete zaznam komentar	22	delete_zaznamkomentar
88	Can view zaznam komentar	22	view_zaznamkomentar
89	Can add formular_ atribut	17	add_formular_atribut
90	Can change formular_ atribut	17	change_formular_atribut
91	Can delete formular_ atribut	17	delete_formular_atribut
92	Can view formular_ atribut	17	view_formular_atribut
93	Can add formular_ atribut_ udaje	18	add_formular_atribut_udaje
94	Can change formular_ atribut_ udaje	18	change_formular_atribut_udaje
95	Can delete formular_ atribut_ udaje	18	delete_formular_atribut_udaje
96	Can view formular_ atribut_ udaje	18	view_formular_atribut_udaje
97	Can add zaznam_ komentar	22	add_zaznam_komentar
98	Can change zaznam_ komentar	22	change_zaznam_komentar
99	Can delete zaznam_ komentar	22	delete_zaznam_komentar
100	Can view zaznam_ komentar	22	view_zaznam_komentar
\.


--
-- Data for Name: auth_user; Type: TABLE DATA; Schema: public; Owner: postgres
--

COPY public.auth_user (id, password, last_login, is_superuser, username, first_name, last_name, email, is_staff, is_active, date_joined) FROM stdin;
38	pbkdf2_sha256$600000$nHmaAyryGC7glH08CbRgPX$m0Lq22oKtM7JD1D8R8TcCVofWmXV0T2PUhE2aLNqtw8=	2024-05-19 19:05:31.782512+02	f	martin			martin.klingac@pobox.sk	f	t	2024-05-14 12:30:21.677452+02
24	pbkdf2_sha256$600000$wqmYyppYBgP1RLDvvBW0p5$wwn5OF2H2NaSEHxo/YBz58JgT+pPCZbPTs44t4PfF+o=	2024-05-19 20:28:30.515744+02	f	admin	Admin	Adminový	adam.melikan@gmail.com	f	t	2024-05-03 22:08:47.28962+02
36	pbkdf2_sha256$600000$ckWZghA6pzylddbSZJpsBW$eIhX6CaOTWBBy+6D4GF3gkO691vMsolOSGwbu90GG2U=	2024-05-14 13:19:21.641053+02	f	adam			adam.melikant@gmail.com	f	t	2024-05-14 12:29:24.036967+02
37	pbkdf2_sha256$600000$nNpD1wL0h49PCUVhtGC3BW$NA7AtG65JLOk4pP8ulYfq1OhaZr4qMcoJekWFxRFzzM=	2024-05-19 17:34:28.522874+02	f	matej			matej.lesny@gmail.com	f	t	2024-05-14 12:29:54.539005+02
39	pbkdf2_sha256$600000$jVcQ8JSwqDLikAPAQaHuox$+M0Ss9OssJNrgxB76iHrUfQP7X91j25sdWc6izgQjhY=	2024-05-19 18:00:42.486652+02	f	jozef			jozef.plosky@pokec.sk	f	t	2024-05-14 12:31:23.812258+02
\.


--
-- Data for Name: auth_user_groups; Type: TABLE DATA; Schema: public; Owner: postgres
--

COPY public.auth_user_groups (id, user_id, group_id) FROM stdin;
43	24	2
50	37	1
51	38	1
54	36	3
55	39	1
\.


--
-- Data for Name: auth_user_user_permissions; Type: TABLE DATA; Schema: public; Owner: postgres
--

COPY public.auth_user_user_permissions (id, user_id, permission_id) FROM stdin;
\.


--
-- Data for Name: django_admin_log; Type: TABLE DATA; Schema: public; Owner: postgres
--

COPY public.django_admin_log (id, action_time, object_id, object_repr, action_flag, change_message, content_type_id, user_id) FROM stdin;
\.


--
-- Data for Name: django_content_type; Type: TABLE DATA; Schema: public; Owner: postgres
--

COPY public.django_content_type (id, app_label, model) FROM stdin;
1	app_macky	attribute
2	app_macky	form
3	app_macky	record
4	app_macky	recordcomment
5	app_macky	formattribute
6	admin	logentry
7	auth	permission
8	auth	group
9	auth	user
10	contenttypes	contenttype
11	sessions	session
12	app_macky	gallery
13	app_macky	formattributedata
14	app_macky	vote
15	app_macky	atribut
16	app_macky	formular
19	app_macky	galeria
20	app_macky	hlas
21	app_macky	zaznam
17	app_macky	formular_atribut
18	app_macky	formular_atribut_udaje
22	app_macky	zaznam_komentar
\.


--
-- Data for Name: django_migrations; Type: TABLE DATA; Schema: public; Owner: postgres
--

COPY public.django_migrations (id, app, name, applied) FROM stdin;
1	app_macky	0001_initial	2023-11-04 19:40:45.269619+01
2	contenttypes	0001_initial	2023-11-04 19:41:25.984536+01
3	auth	0001_initial	2023-11-04 19:41:26.048849+01
4	admin	0001_initial	2023-11-04 19:41:26.06911+01
5	admin	0002_logentry_remove_auto_add	2023-11-04 19:41:26.079998+01
6	admin	0003_logentry_add_action_flag_choices	2023-11-04 19:41:26.089845+01
7	contenttypes	0002_remove_content_type_name	2023-11-04 19:41:26.113441+01
8	auth	0002_alter_permission_name_max_length	2023-11-04 19:41:26.126862+01
9	auth	0003_alter_user_email_max_length	2023-11-04 19:41:26.13797+01
10	auth	0004_alter_user_username_opts	2023-11-04 19:41:26.148515+01
11	auth	0005_alter_user_last_login_null	2023-11-04 19:41:26.159604+01
12	auth	0006_require_contenttypes_0002	2023-11-04 19:41:26.162265+01
13	auth	0007_alter_validators_add_error_messages	2023-11-04 19:41:26.167856+01
14	auth	0008_alter_user_username_max_length	2023-11-04 19:41:26.175902+01
15	auth	0009_alter_user_last_name_max_length	2023-11-04 19:41:26.181763+01
16	auth	0010_alter_group_name_max_length	2023-11-04 19:41:26.188137+01
17	auth	0011_update_proxy_permissions	2023-11-04 19:41:26.195715+01
18	auth	0012_alter_user_first_name_max_length	2023-11-04 19:41:26.201482+01
19	sessions	0001_initial	2023-11-04 19:41:26.210386+01
20	app_macky	0002_form_included_in_gallery_and_more	2023-11-06 22:38:53.672999+01
21	app_macky	0003_remove_formattribute_position_and_more	2023-11-07 17:50:50.517128+01
22	app_macky	0004_gallery_gallery_name	2023-11-12 19:23:07.076795+01
23	app_macky	0005_remove_formattribute_record_and_more	2023-11-12 20:20:39.273708+01
24	app_macky	0006_attribute_updated_at_formattribute_created_at_and_more	2023-11-20 18:53:11.980918+01
25	app_macky	0007_alter_formattribute_display_in_gallery	2023-11-20 18:56:41.485345+01
26	app_macky	0008_remove_record_thumb_down_remove_record_thumb_up	2023-11-22 20:50:22.33643+01
27	app_macky	0009_record_description_recordcomment_aproved_by_admin_and_more	2023-11-24 20:00:32.38949+01
28	app_macky	0010_attribute_required	2023-11-29 19:26:15.271571+01
29	app_macky	0011_remove_attribute_required_formattribute_required	2023-11-29 21:05:23.118752+01
30	app_macky	0012_record_form	2024-05-03 17:09:11.954596+02
31	app_macky	0013_alter_formattribute_display_in_gallery	2024-05-13 17:15:03.318378+02
32	app_macky	0014_atribut_formular_formularatribut_and_more	2024-05-13 17:15:03.653322+02
33	app_macky	0015_rename_formularatribut_formular_atribut_and_more	2024-05-13 17:17:04.328964+02
34	app_macky	0016_rename_name_atribut_nazov_rename_type_atribut_typ_and_more	2024-05-13 17:29:12.351727+02
35	app_macky	0017_rename_record_formular_atribut_udaje_zaznam	2024-05-13 19:14:39.367091+02
\.


--
-- Data for Name: django_session; Type: TABLE DATA; Schema: public; Owner: postgres
--

COPY public.django_session (session_key, session_data, expire_date) FROM stdin;
6xpqs22df8tciqendandrdahzfbqfsot	eyJhZG1pbl92aWV3IjpmYWxzZX0:1s41Gp:oMgJuN831p6WsnH998NTcdU_mjpkg0-387uRlLrrdpw	2024-05-06 19:32:55.820737+02
ycapi051e19kr5qu4jkanpp5vs048tpq	.eJxVjDkOwjAQRe8yNbI8XkgmJX3OYI09hpjFkbJAgbg7ipQm7X_v_S-wvEoN75I_0C3Tmk8QeF2GsM55CkWgA-PgMEZOj1w3Ineut1GlsS5TiWpT1E5n1Y-Sn5fdPRwMPA9b7ay4mHRzxib6iCj6anxCT4hWWyZLQpq1JNcYky1RsmjJIxuKbW7h9weRwD2S:1s6TOe:z0Gh87LZlQLTLr6cQszGQzz8GyxwlBgXlxycAxHGA0s	2024-05-13 13:59:08.400539+02
wrxb9v6bi6oeh7dwdk965wfaj3n4z4bv	eyJhZG1pbl92aWV3IjpmYWxzZX0:1s6XnI:pJNl7Vngz3LDod3zSw8b3pLZN0NuiJaoWteiS9gzGNU	2024-05-13 18:40:52.574667+02
0lt6a9csze48z8ypgd3v70yllqx5wyiw	.eJxVjEEOgjAQRe_StSGdFoSydO8NTMi0M0gVqaEtJhrvriRs2P73_vsIpIefusXzS7RpznwQHeY0dDny3HkSrVCl2I0W3Z2nldANp2soXJjS7G2xKsVGY3EOxONpc3eBAeOwvktNpXWyPkJtKwtAsleVg8oAaKnRaENGoiRX1kqxNsZp0KYCVMY23PyjzxAzvcOCiS9ZgmbR9jhG_v4ATaBG1Q:1s6qCS:WjuPznQndwXQnTZ8P2SCU8Z4ZwrtD35uC2-HTbg-LTQ	2024-05-14 14:20:04.711489+02
ajyed3y5v5rnyccddqybowk43p9verka	.eJxVjEEOgjAQRe_StSGdFoSydO8NTMi0M0gVqaEtJhrvriRs2P73_vsIpIefusXzS7RpznwQHeY0dDny3HkSrVCl2I0W3Z2nldANp2soXJjS7G2xKsVGY3EOxONpc3eBAeOwvktNpXWyPkJtKwtAsleVg8oAaKnRaENGoiRX1kqxNsZp0KYCVMY23PyjzxAzvcOCiS9ZgmbR9jhG_v4ATaBG1Q:1s8lEs:yTj02xzTMgyLCHXH2_14Vhfeo4GAERyxWR4NWnBy_ok	2024-05-19 21:26:30.360717+02
b8tah9mgxaavotb5jpbvs3l3seodycas	.eJxVjMsOgjAQRf-la9J0WhDK0r1_YEKmnUHqgxpKMdH470rCQrf3nHteosM8D11OPHWBRCt0KYrf0aG_8LgSOuN4itLHcZ6Ck6siN5rkIRJf95v7FxgwDeu7NFQ6r-od1K5yAKR6XXmoLIBRBq2xZBUq8mWtNRtrvQFjK0BtXcPNN4p0C2O3BH6Idp4yF-IeU6ZnXHDmY1ZgWLQ9XhO_P71SRtU:1s8lGo:f71-ti53ngH5mLPRkkhrjhk4utismmuZaGajbs0AHaw	2024-05-19 21:28:30.522109+02
l6kt66xy4dfegvt4npnm3b2uus4clumw	.eJxVjEEOgjAQRe_StSGdFoSydO8NTMi0M0gVqaEtJhrvriRs2P73_vsIpIefusXzS7RpznwQHeY0dDny3HkSrVCl2I0W3Z2nldANp2soXJjS7G2xKsVGY3EOxONpc3eBAeOwvktNpXWyPkJtKwtAsleVg8oAaKnRaENGoiRX1kqxNsZp0KYCVMY23PyjzxAzvcOCiS9ZgmbR9jhG_v4ATaBG1Q:1s6YB6:iVxfPIBREWAcUPQMWMjQcc6YvfEOEVC7CkXsScnzxJI	2024-05-13 19:05:28.658192+02
pas0hotzv776xkxf3pnjzqzgy14xem9a	.eJxVjEEOgjAQRe_StSGdFoSydO8NTMi0M0gVqaEtJhrvriRs2P73_vsIpIefusXzS7RpznwQHeY0dDny3HkSrVCl2I0W3Z2nldANp2soXJjS7G2xKsVGY3EOxONpc3eBAeOwvktNpXWyPkJtKwtAsleVg8oAaKnRaENGoiRX1kqxNsZp0KYCVMY23PyjzxAzvcOCiS9ZgmbR9jhG_v4ATaBG1Q:1s6ZBR:v53tFBeCsUB1TUCQCbd9R0kB0vvDgLpQcQ-xsc2_5Ak	2024-05-13 20:09:53.621809+02
vtdw0nmw2lxnahowddjt2utag6neqpar	.eJxVj80KgzAQhN8l5yKm2Rjjsfe-QUE27qban6QYY6Gl714FL17nm_lgvgLpOYR2HvgtGo-PxAfRYp76Nice24FEI1QtdqHD7s5hJXTDcI1FF8M0Dq5YK8VGU3GOxI_T1t0Jekz9sjbmaMA6TY5qIGNdrZRnRKkBPGmLVCH4UjrQDIzWdUZ5qcBVmqDyZpG-Ysr0iTNOfMmlVLyd-P0B4UpImQ:1s7KEl:SVMJRKcG4NRaxgg-m1dHqLs3rIrmjQ01gYK2HrywO48	2024-05-15 22:24:27.280695+02
5feua5ypbzet6s4ruo2q6wx3i1qtwhkj	eyJhZG1pbl92aWV3IjpmYWxzZX0:1s8Pp1:EeVg28011uRm3hIeVXUVdGh3Q-q_2Uy-2A_sTlSFiTU	2024-05-18 22:34:23.948332+02
rhuvmo43ppjtmrhnh3kpk77abazvhvde	.eJxVjEEOgjAQRe_StSGdFoSydO8NTMi0M0gVqaEtJhrvriRs2P73_vsIpIefusXzS7RpznwQHeY0dDny3HkSrVCl2I0W3Z2nldANp2soXJjS7G2xKsVGY3EOxONpc3eBAeOwvktNpXWyPkJtKwtAsleVg8oAaKnRaENGoiRX1kqxNsZp0KYCVMY23PyjzxAzvcOCiS9ZgmbR9jhG_v4ATaBG1Q:1s6cjd:f6XNfLszjYkWbDEs3uyICgAfDZPg1GMX01NQVUx6stc	2024-05-13 23:57:25.286121+02
5baqnlqu6vlgdzgls125zaj34lir18mr	.eJxVjEEOgjAQRe_StSGdFoSydO8NTMi0M0gVqaEtJhrvriRs2P73_vsIpIefusXzS7RpznwQHeY0dDny3HkSrVCl2I0W3Z2nldANp2soXJjS7G2xKsVGY3EOxONpc3eBAeOwvktNpXWyPkJtKwtAsleVg8oAaKnRaENGoiRX1kqxNsZp0KYCVMY23PyjzxAzvcOCiS9ZgmbR9jhG_v4ATaBG1Q:1s6n8E:9x342yP7Gn2YQRAudmD9RAQ3GQ1YHmHGz-wZ04fqih4	2024-05-14 11:03:30.801301+02
\.


--
-- Name: app_macky_atribut_id_seq; Type: SEQUENCE SET; Schema: public; Owner: postgres
--

SELECT pg_catalog.setval('public.app_macky_atribut_id_seq', 16, true);


--
-- Name: app_macky_formular_id_seq; Type: SEQUENCE SET; Schema: public; Owner: postgres
--

SELECT pg_catalog.setval('public.app_macky_formular_id_seq', 14, true);


--
-- Name: app_macky_formularatribut_id_seq; Type: SEQUENCE SET; Schema: public; Owner: postgres
--

SELECT pg_catalog.setval('public.app_macky_formularatribut_id_seq', 206, true);


--
-- Name: app_macky_formularatributudaje_id_seq; Type: SEQUENCE SET; Schema: public; Owner: postgres
--

SELECT pg_catalog.setval('public.app_macky_formularatributudaje_id_seq', 176, true);


--
-- Name: app_macky_galeria_id_seq; Type: SEQUENCE SET; Schema: public; Owner: postgres
--

SELECT pg_catalog.setval('public.app_macky_galeria_id_seq', 19, true);


--
-- Name: app_macky_hlas_id_seq; Type: SEQUENCE SET; Schema: public; Owner: postgres
--

SELECT pg_catalog.setval('public.app_macky_hlas_id_seq', 27, true);


--
-- Name: app_macky_zaznam_id_seq; Type: SEQUENCE SET; Schema: public; Owner: postgres
--

SELECT pg_catalog.setval('public.app_macky_zaznam_id_seq', 52, true);


--
-- Name: app_macky_zaznamkomentar_id_seq; Type: SEQUENCE SET; Schema: public; Owner: postgres
--

SELECT pg_catalog.setval('public.app_macky_zaznamkomentar_id_seq', 43, true);


--
-- Name: auth_group_id_seq; Type: SEQUENCE SET; Schema: public; Owner: postgres
--

SELECT pg_catalog.setval('public.auth_group_id_seq', 1, true);


--
-- Name: auth_group_permissions_id_seq; Type: SEQUENCE SET; Schema: public; Owner: postgres
--

SELECT pg_catalog.setval('public.auth_group_permissions_id_seq', 1, false);


--
-- Name: auth_permission_id_seq; Type: SEQUENCE SET; Schema: public; Owner: postgres
--

SELECT pg_catalog.setval('public.auth_permission_id_seq', 100, true);


--
-- Name: auth_user_groups_id_seq; Type: SEQUENCE SET; Schema: public; Owner: postgres
--

SELECT pg_catalog.setval('public.auth_user_groups_id_seq', 55, true);


--
-- Name: auth_user_id_seq; Type: SEQUENCE SET; Schema: public; Owner: postgres
--

SELECT pg_catalog.setval('public.auth_user_id_seq', 39, true);


--
-- Name: auth_user_user_permissions_id_seq; Type: SEQUENCE SET; Schema: public; Owner: postgres
--

SELECT pg_catalog.setval('public.auth_user_user_permissions_id_seq', 1, false);


--
-- Name: django_admin_log_id_seq; Type: SEQUENCE SET; Schema: public; Owner: postgres
--

SELECT pg_catalog.setval('public.django_admin_log_id_seq', 1, false);


--
-- Name: django_content_type_id_seq; Type: SEQUENCE SET; Schema: public; Owner: postgres
--

SELECT pg_catalog.setval('public.django_content_type_id_seq', 22, true);


--
-- Name: django_migrations_id_seq; Type: SEQUENCE SET; Schema: public; Owner: postgres
--

SELECT pg_catalog.setval('public.django_migrations_id_seq', 35, true);


--
-- Name: app_macky_atribut app_macky_atribut_pkey; Type: CONSTRAINT; Schema: public; Owner: postgres
--

ALTER TABLE ONLY public.app_macky_atribut
    ADD CONSTRAINT app_macky_atribut_pkey PRIMARY KEY (id);


--
-- Name: app_macky_formular app_macky_formular_pkey; Type: CONSTRAINT; Schema: public; Owner: postgres
--

ALTER TABLE ONLY public.app_macky_formular
    ADD CONSTRAINT app_macky_formular_pkey PRIMARY KEY (id);


--
-- Name: app_macky_formular_atribut app_macky_formularatribut_pkey; Type: CONSTRAINT; Schema: public; Owner: postgres
--

ALTER TABLE ONLY public.app_macky_formular_atribut
    ADD CONSTRAINT app_macky_formularatribut_pkey PRIMARY KEY (id);


--
-- Name: app_macky_formular_atribut_udaje app_macky_formularatributudaje_pkey; Type: CONSTRAINT; Schema: public; Owner: postgres
--

ALTER TABLE ONLY public.app_macky_formular_atribut_udaje
    ADD CONSTRAINT app_macky_formularatributudaje_pkey PRIMARY KEY (id);


--
-- Name: app_macky_galeria app_macky_galeria_formular_id_vytvoreny_d0facfc5_uniq; Type: CONSTRAINT; Schema: public; Owner: postgres
--

ALTER TABLE ONLY public.app_macky_galeria
    ADD CONSTRAINT app_macky_galeria_formular_id_vytvoreny_d0facfc5_uniq UNIQUE (formular_id, vytvoreny);


--
-- Name: app_macky_galeria app_macky_galeria_pkey; Type: CONSTRAINT; Schema: public; Owner: postgres
--

ALTER TABLE ONLY public.app_macky_galeria
    ADD CONSTRAINT app_macky_galeria_pkey PRIMARY KEY (id);


--
-- Name: app_macky_hlas app_macky_hlas_pkey; Type: CONSTRAINT; Schema: public; Owner: postgres
--

ALTER TABLE ONLY public.app_macky_hlas
    ADD CONSTRAINT app_macky_hlas_pkey PRIMARY KEY (id);


--
-- Name: app_macky_hlas app_macky_hlas_user_id_zaznam_id_285cc9b9_uniq; Type: CONSTRAINT; Schema: public; Owner: postgres
--

ALTER TABLE ONLY public.app_macky_hlas
    ADD CONSTRAINT app_macky_hlas_user_id_zaznam_id_285cc9b9_uniq UNIQUE (user_id, zaznam_id);


--
-- Name: app_macky_zaznam app_macky_zaznam_pkey; Type: CONSTRAINT; Schema: public; Owner: postgres
--

ALTER TABLE ONLY public.app_macky_zaznam
    ADD CONSTRAINT app_macky_zaznam_pkey PRIMARY KEY (id);


--
-- Name: app_macky_zaznam_komentar app_macky_zaznamkomentar_pkey; Type: CONSTRAINT; Schema: public; Owner: postgres
--

ALTER TABLE ONLY public.app_macky_zaznam_komentar
    ADD CONSTRAINT app_macky_zaznamkomentar_pkey PRIMARY KEY (id);


--
-- Name: auth_group auth_group_name_key; Type: CONSTRAINT; Schema: public; Owner: postgres
--

ALTER TABLE ONLY public.auth_group
    ADD CONSTRAINT auth_group_name_key UNIQUE (name);


--
-- Name: auth_group_permissions auth_group_permissions_group_id_permission_id_0cd325b0_uniq; Type: CONSTRAINT; Schema: public; Owner: postgres
--

ALTER TABLE ONLY public.auth_group_permissions
    ADD CONSTRAINT auth_group_permissions_group_id_permission_id_0cd325b0_uniq UNIQUE (group_id, permission_id);


--
-- Name: auth_group_permissions auth_group_permissions_pkey; Type: CONSTRAINT; Schema: public; Owner: postgres
--

ALTER TABLE ONLY public.auth_group_permissions
    ADD CONSTRAINT auth_group_permissions_pkey PRIMARY KEY (id);


--
-- Name: auth_group auth_group_pkey; Type: CONSTRAINT; Schema: public; Owner: postgres
--

ALTER TABLE ONLY public.auth_group
    ADD CONSTRAINT auth_group_pkey PRIMARY KEY (id);


--
-- Name: auth_permission auth_permission_content_type_id_codename_01ab375a_uniq; Type: CONSTRAINT; Schema: public; Owner: postgres
--

ALTER TABLE ONLY public.auth_permission
    ADD CONSTRAINT auth_permission_content_type_id_codename_01ab375a_uniq UNIQUE (content_type_id, codename);


--
-- Name: auth_permission auth_permission_pkey; Type: CONSTRAINT; Schema: public; Owner: postgres
--

ALTER TABLE ONLY public.auth_permission
    ADD CONSTRAINT auth_permission_pkey PRIMARY KEY (id);


--
-- Name: auth_user_groups auth_user_groups_pkey; Type: CONSTRAINT; Schema: public; Owner: postgres
--

ALTER TABLE ONLY public.auth_user_groups
    ADD CONSTRAINT auth_user_groups_pkey PRIMARY KEY (id);


--
-- Name: auth_user_groups auth_user_groups_user_id_group_id_94350c0c_uniq; Type: CONSTRAINT; Schema: public; Owner: postgres
--

ALTER TABLE ONLY public.auth_user_groups
    ADD CONSTRAINT auth_user_groups_user_id_group_id_94350c0c_uniq UNIQUE (user_id, group_id);


--
-- Name: auth_user auth_user_pkey; Type: CONSTRAINT; Schema: public; Owner: postgres
--

ALTER TABLE ONLY public.auth_user
    ADD CONSTRAINT auth_user_pkey PRIMARY KEY (id);


--
-- Name: auth_user_user_permissions auth_user_user_permissions_pkey; Type: CONSTRAINT; Schema: public; Owner: postgres
--

ALTER TABLE ONLY public.auth_user_user_permissions
    ADD CONSTRAINT auth_user_user_permissions_pkey PRIMARY KEY (id);


--
-- Name: auth_user_user_permissions auth_user_user_permissions_user_id_permission_id_14a6b632_uniq; Type: CONSTRAINT; Schema: public; Owner: postgres
--

ALTER TABLE ONLY public.auth_user_user_permissions
    ADD CONSTRAINT auth_user_user_permissions_user_id_permission_id_14a6b632_uniq UNIQUE (user_id, permission_id);


--
-- Name: auth_user auth_user_username_key; Type: CONSTRAINT; Schema: public; Owner: postgres
--

ALTER TABLE ONLY public.auth_user
    ADD CONSTRAINT auth_user_username_key UNIQUE (username);


--
-- Name: django_admin_log django_admin_log_pkey; Type: CONSTRAINT; Schema: public; Owner: postgres
--

ALTER TABLE ONLY public.django_admin_log
    ADD CONSTRAINT django_admin_log_pkey PRIMARY KEY (id);


--
-- Name: django_content_type django_content_type_app_label_model_76bd3d3b_uniq; Type: CONSTRAINT; Schema: public; Owner: postgres
--

ALTER TABLE ONLY public.django_content_type
    ADD CONSTRAINT django_content_type_app_label_model_76bd3d3b_uniq UNIQUE (app_label, model);


--
-- Name: django_content_type django_content_type_pkey; Type: CONSTRAINT; Schema: public; Owner: postgres
--

ALTER TABLE ONLY public.django_content_type
    ADD CONSTRAINT django_content_type_pkey PRIMARY KEY (id);


--
-- Name: django_migrations django_migrations_pkey; Type: CONSTRAINT; Schema: public; Owner: postgres
--

ALTER TABLE ONLY public.django_migrations
    ADD CONSTRAINT django_migrations_pkey PRIMARY KEY (id);


--
-- Name: django_session django_session_pkey; Type: CONSTRAINT; Schema: public; Owner: postgres
--

ALTER TABLE ONLY public.django_session
    ADD CONSTRAINT django_session_pkey PRIMARY KEY (session_key);


--
-- Name: app_macky_formularatribut_atribut_id_68d842fb; Type: INDEX; Schema: public; Owner: postgres
--

CREATE INDEX app_macky_formularatribut_atribut_id_68d842fb ON public.app_macky_formular_atribut USING btree (atribut_id);


--
-- Name: app_macky_formularatribut_formular_id_9a99adcc; Type: INDEX; Schema: public; Owner: postgres
--

CREATE INDEX app_macky_formularatribut_formular_id_9a99adcc ON public.app_macky_formular_atribut USING btree (formular_id);


--
-- Name: app_macky_formularatributudaje_formular_atribut_id_275f0652; Type: INDEX; Schema: public; Owner: postgres
--

CREATE INDEX app_macky_formularatributudaje_formular_atribut_id_275f0652 ON public.app_macky_formular_atribut_udaje USING btree (formular_atribut_id);


--
-- Name: app_macky_formularatributudaje_record_id_000a3ed2; Type: INDEX; Schema: public; Owner: postgres
--

CREATE INDEX app_macky_formularatributudaje_record_id_000a3ed2 ON public.app_macky_formular_atribut_udaje USING btree (zaznam_id);


--
-- Name: app_macky_galeria_formular_id_c2cf5088; Type: INDEX; Schema: public; Owner: postgres
--

CREATE INDEX app_macky_galeria_formular_id_c2cf5088 ON public.app_macky_galeria USING btree (formular_id);


--
-- Name: app_macky_hlas_user_id_cea65785; Type: INDEX; Schema: public; Owner: postgres
--

CREATE INDEX app_macky_hlas_user_id_cea65785 ON public.app_macky_hlas USING btree (user_id);


--
-- Name: app_macky_hlas_zaznam_id_c05b36ab; Type: INDEX; Schema: public; Owner: postgres
--

CREATE INDEX app_macky_hlas_zaznam_id_c05b36ab ON public.app_macky_hlas USING btree (zaznam_id);


--
-- Name: app_macky_zaznam_formular_id_71eb04b3; Type: INDEX; Schema: public; Owner: postgres
--

CREATE INDEX app_macky_zaznam_formular_id_71eb04b3 ON public.app_macky_zaznam USING btree (formular_id);


--
-- Name: app_macky_zaznam_user_id_71005b3a; Type: INDEX; Schema: public; Owner: postgres
--

CREATE INDEX app_macky_zaznam_user_id_71005b3a ON public.app_macky_zaznam USING btree (user_id);


--
-- Name: app_macky_zaznamkomentar_user_id_acb31dca; Type: INDEX; Schema: public; Owner: postgres
--

CREATE INDEX app_macky_zaznamkomentar_user_id_acb31dca ON public.app_macky_zaznam_komentar USING btree (user_id);


--
-- Name: app_macky_zaznamkomentar_zaznam_id_ee774d09; Type: INDEX; Schema: public; Owner: postgres
--

CREATE INDEX app_macky_zaznamkomentar_zaznam_id_ee774d09 ON public.app_macky_zaznam_komentar USING btree (zaznam_id);


--
-- Name: auth_group_name_a6ea08ec_like; Type: INDEX; Schema: public; Owner: postgres
--

CREATE INDEX auth_group_name_a6ea08ec_like ON public.auth_group USING btree (name varchar_pattern_ops);


--
-- Name: auth_group_permissions_group_id_b120cbf9; Type: INDEX; Schema: public; Owner: postgres
--

CREATE INDEX auth_group_permissions_group_id_b120cbf9 ON public.auth_group_permissions USING btree (group_id);


--
-- Name: auth_group_permissions_permission_id_84c5c92e; Type: INDEX; Schema: public; Owner: postgres
--

CREATE INDEX auth_group_permissions_permission_id_84c5c92e ON public.auth_group_permissions USING btree (permission_id);


--
-- Name: auth_permission_content_type_id_2f476e4b; Type: INDEX; Schema: public; Owner: postgres
--

CREATE INDEX auth_permission_content_type_id_2f476e4b ON public.auth_permission USING btree (content_type_id);


--
-- Name: auth_user_groups_group_id_97559544; Type: INDEX; Schema: public; Owner: postgres
--

CREATE INDEX auth_user_groups_group_id_97559544 ON public.auth_user_groups USING btree (group_id);


--
-- Name: auth_user_groups_user_id_6a12ed8b; Type: INDEX; Schema: public; Owner: postgres
--

CREATE INDEX auth_user_groups_user_id_6a12ed8b ON public.auth_user_groups USING btree (user_id);


--
-- Name: auth_user_user_permissions_permission_id_1fbb5f2c; Type: INDEX; Schema: public; Owner: postgres
--

CREATE INDEX auth_user_user_permissions_permission_id_1fbb5f2c ON public.auth_user_user_permissions USING btree (permission_id);


--
-- Name: auth_user_user_permissions_user_id_a95ead1b; Type: INDEX; Schema: public; Owner: postgres
--

CREATE INDEX auth_user_user_permissions_user_id_a95ead1b ON public.auth_user_user_permissions USING btree (user_id);


--
-- Name: auth_user_username_6821ab7c_like; Type: INDEX; Schema: public; Owner: postgres
--

CREATE INDEX auth_user_username_6821ab7c_like ON public.auth_user USING btree (username varchar_pattern_ops);


--
-- Name: django_admin_log_content_type_id_c4bce8eb; Type: INDEX; Schema: public; Owner: postgres
--

CREATE INDEX django_admin_log_content_type_id_c4bce8eb ON public.django_admin_log USING btree (content_type_id);


--
-- Name: django_admin_log_user_id_c564eba6; Type: INDEX; Schema: public; Owner: postgres
--

CREATE INDEX django_admin_log_user_id_c564eba6 ON public.django_admin_log USING btree (user_id);


--
-- Name: django_session_expire_date_a5c62663; Type: INDEX; Schema: public; Owner: postgres
--

CREATE INDEX django_session_expire_date_a5c62663 ON public.django_session USING btree (expire_date);


--
-- Name: django_session_session_key_c0390e0f_like; Type: INDEX; Schema: public; Owner: postgres
--

CREATE INDEX django_session_session_key_c0390e0f_like ON public.django_session USING btree (session_key varchar_pattern_ops);


--
-- Name: app_macky_formular_atribut_udaje app_macky_formular_a_zaznam_id_32af1db3_fk_app_macky; Type: FK CONSTRAINT; Schema: public; Owner: postgres
--

ALTER TABLE ONLY public.app_macky_formular_atribut_udaje
    ADD CONSTRAINT app_macky_formular_a_zaznam_id_32af1db3_fk_app_macky FOREIGN KEY (zaznam_id) REFERENCES public.app_macky_zaznam(id) DEFERRABLE INITIALLY DEFERRED;


--
-- Name: app_macky_formular_atribut app_macky_formularat_atribut_id_68d842fb_fk_app_macky; Type: FK CONSTRAINT; Schema: public; Owner: postgres
--

ALTER TABLE ONLY public.app_macky_formular_atribut
    ADD CONSTRAINT app_macky_formularat_atribut_id_68d842fb_fk_app_macky FOREIGN KEY (atribut_id) REFERENCES public.app_macky_atribut(id) DEFERRABLE INITIALLY DEFERRED;


--
-- Name: app_macky_formular_atribut_udaje app_macky_formularat_formular_atribut_id_275f0652_fk_app_macky; Type: FK CONSTRAINT; Schema: public; Owner: postgres
--

ALTER TABLE ONLY public.app_macky_formular_atribut_udaje
    ADD CONSTRAINT app_macky_formularat_formular_atribut_id_275f0652_fk_app_macky FOREIGN KEY (formular_atribut_id) REFERENCES public.app_macky_formular_atribut(id) DEFERRABLE INITIALLY DEFERRED;


--
-- Name: app_macky_formular_atribut app_macky_formularat_formular_id_9a99adcc_fk_app_macky; Type: FK CONSTRAINT; Schema: public; Owner: postgres
--

ALTER TABLE ONLY public.app_macky_formular_atribut
    ADD CONSTRAINT app_macky_formularat_formular_id_9a99adcc_fk_app_macky FOREIGN KEY (formular_id) REFERENCES public.app_macky_formular(id) DEFERRABLE INITIALLY DEFERRED;


--
-- Name: app_macky_galeria app_macky_galeria_formular_id_c2cf5088_fk_app_macky_formular_id; Type: FK CONSTRAINT; Schema: public; Owner: postgres
--

ALTER TABLE ONLY public.app_macky_galeria
    ADD CONSTRAINT app_macky_galeria_formular_id_c2cf5088_fk_app_macky_formular_id FOREIGN KEY (formular_id) REFERENCES public.app_macky_formular(id) DEFERRABLE INITIALLY DEFERRED;


--
-- Name: app_macky_hlas app_macky_hlas_user_id_cea65785_fk_auth_user_id; Type: FK CONSTRAINT; Schema: public; Owner: postgres
--

ALTER TABLE ONLY public.app_macky_hlas
    ADD CONSTRAINT app_macky_hlas_user_id_cea65785_fk_auth_user_id FOREIGN KEY (user_id) REFERENCES public.auth_user(id) DEFERRABLE INITIALLY DEFERRED;


--
-- Name: app_macky_hlas app_macky_hlas_zaznam_id_c05b36ab_fk_app_macky_zaznam_id; Type: FK CONSTRAINT; Schema: public; Owner: postgres
--

ALTER TABLE ONLY public.app_macky_hlas
    ADD CONSTRAINT app_macky_hlas_zaznam_id_c05b36ab_fk_app_macky_zaznam_id FOREIGN KEY (zaznam_id) REFERENCES public.app_macky_zaznam(id) DEFERRABLE INITIALLY DEFERRED;


--
-- Name: app_macky_zaznam app_macky_zaznam_formular_id_71eb04b3_fk_app_macky_formular_id; Type: FK CONSTRAINT; Schema: public; Owner: postgres
--

ALTER TABLE ONLY public.app_macky_zaznam
    ADD CONSTRAINT app_macky_zaznam_formular_id_71eb04b3_fk_app_macky_formular_id FOREIGN KEY (formular_id) REFERENCES public.app_macky_formular(id) DEFERRABLE INITIALLY DEFERRED;


--
-- Name: app_macky_zaznam app_macky_zaznam_user_id_71005b3a_fk_auth_user_id; Type: FK CONSTRAINT; Schema: public; Owner: postgres
--

ALTER TABLE ONLY public.app_macky_zaznam
    ADD CONSTRAINT app_macky_zaznam_user_id_71005b3a_fk_auth_user_id FOREIGN KEY (user_id) REFERENCES public.auth_user(id) DEFERRABLE INITIALLY DEFERRED;


--
-- Name: app_macky_zaznam_komentar app_macky_zaznamkome_zaznam_id_ee774d09_fk_app_macky; Type: FK CONSTRAINT; Schema: public; Owner: postgres
--

ALTER TABLE ONLY public.app_macky_zaznam_komentar
    ADD CONSTRAINT app_macky_zaznamkome_zaznam_id_ee774d09_fk_app_macky FOREIGN KEY (zaznam_id) REFERENCES public.app_macky_zaznam(id) DEFERRABLE INITIALLY DEFERRED;


--
-- Name: app_macky_zaznam_komentar app_macky_zaznamkomentar_user_id_acb31dca_fk_auth_user_id; Type: FK CONSTRAINT; Schema: public; Owner: postgres
--

ALTER TABLE ONLY public.app_macky_zaznam_komentar
    ADD CONSTRAINT app_macky_zaznamkomentar_user_id_acb31dca_fk_auth_user_id FOREIGN KEY (user_id) REFERENCES public.auth_user(id) DEFERRABLE INITIALLY DEFERRED;


--
-- Name: auth_group_permissions auth_group_permissio_permission_id_84c5c92e_fk_auth_perm; Type: FK CONSTRAINT; Schema: public; Owner: postgres
--

ALTER TABLE ONLY public.auth_group_permissions
    ADD CONSTRAINT auth_group_permissio_permission_id_84c5c92e_fk_auth_perm FOREIGN KEY (permission_id) REFERENCES public.auth_permission(id) DEFERRABLE INITIALLY DEFERRED;


--
-- Name: auth_group_permissions auth_group_permissions_group_id_b120cbf9_fk_auth_group_id; Type: FK CONSTRAINT; Schema: public; Owner: postgres
--

ALTER TABLE ONLY public.auth_group_permissions
    ADD CONSTRAINT auth_group_permissions_group_id_b120cbf9_fk_auth_group_id FOREIGN KEY (group_id) REFERENCES public.auth_group(id) DEFERRABLE INITIALLY DEFERRED;


--
-- Name: auth_permission auth_permission_content_type_id_2f476e4b_fk_django_co; Type: FK CONSTRAINT; Schema: public; Owner: postgres
--

ALTER TABLE ONLY public.auth_permission
    ADD CONSTRAINT auth_permission_content_type_id_2f476e4b_fk_django_co FOREIGN KEY (content_type_id) REFERENCES public.django_content_type(id) DEFERRABLE INITIALLY DEFERRED;


--
-- Name: auth_user_groups auth_user_groups_group_id_97559544_fk_auth_group_id; Type: FK CONSTRAINT; Schema: public; Owner: postgres
--

ALTER TABLE ONLY public.auth_user_groups
    ADD CONSTRAINT auth_user_groups_group_id_97559544_fk_auth_group_id FOREIGN KEY (group_id) REFERENCES public.auth_group(id) DEFERRABLE INITIALLY DEFERRED;


--
-- Name: auth_user_groups auth_user_groups_user_id_6a12ed8b_fk_auth_user_id; Type: FK CONSTRAINT; Schema: public; Owner: postgres
--

ALTER TABLE ONLY public.auth_user_groups
    ADD CONSTRAINT auth_user_groups_user_id_6a12ed8b_fk_auth_user_id FOREIGN KEY (user_id) REFERENCES public.auth_user(id) DEFERRABLE INITIALLY DEFERRED;


--
-- Name: auth_user_user_permissions auth_user_user_permi_permission_id_1fbb5f2c_fk_auth_perm; Type: FK CONSTRAINT; Schema: public; Owner: postgres
--

ALTER TABLE ONLY public.auth_user_user_permissions
    ADD CONSTRAINT auth_user_user_permi_permission_id_1fbb5f2c_fk_auth_perm FOREIGN KEY (permission_id) REFERENCES public.auth_permission(id) DEFERRABLE INITIALLY DEFERRED;


--
-- Name: auth_user_user_permissions auth_user_user_permissions_user_id_a95ead1b_fk_auth_user_id; Type: FK CONSTRAINT; Schema: public; Owner: postgres
--

ALTER TABLE ONLY public.auth_user_user_permissions
    ADD CONSTRAINT auth_user_user_permissions_user_id_a95ead1b_fk_auth_user_id FOREIGN KEY (user_id) REFERENCES public.auth_user(id) DEFERRABLE INITIALLY DEFERRED;


--
-- Name: django_admin_log django_admin_log_content_type_id_c4bce8eb_fk_django_co; Type: FK CONSTRAINT; Schema: public; Owner: postgres
--

ALTER TABLE ONLY public.django_admin_log
    ADD CONSTRAINT django_admin_log_content_type_id_c4bce8eb_fk_django_co FOREIGN KEY (content_type_id) REFERENCES public.django_content_type(id) DEFERRABLE INITIALLY DEFERRED;


--
-- Name: django_admin_log django_admin_log_user_id_c564eba6_fk_auth_user_id; Type: FK CONSTRAINT; Schema: public; Owner: postgres
--

ALTER TABLE ONLY public.django_admin_log
    ADD CONSTRAINT django_admin_log_user_id_c564eba6_fk_auth_user_id FOREIGN KEY (user_id) REFERENCES public.auth_user(id) DEFERRABLE INITIALLY DEFERRED;


--
-- PostgreSQL database dump complete
--

