--
-- PostgreSQL database dump
--

-- Dumped from database version 14.10 (Ubuntu 14.10-0ubuntu0.22.04.1)
-- Dumped by pg_dump version 14.10 (Ubuntu 14.10-0ubuntu0.22.04.1)

SET statement_timeout = 0;
SET lock_timeout = 0;
SET idle_in_transaction_session_timeout = 0;
SET client_encoding = 'UTF8';
SET standard_conforming_strings = on;
SELECT pg_catalog.set_config('search_path', '', false);
SET check_function_bodies = false;
SET xmloption = content;
SET client_min_messages = warning;
SET row_security = off;

SET default_tablespace = '';

SET default_table_access_method = heap;

--
-- Name: app_macky_attribute; Type: TABLE; Schema: public; Owner: postgres
--

CREATE TABLE public.app_macky_attribute (
    id bigint NOT NULL,
    name character varying(255) NOT NULL,
    type character varying(100) NOT NULL,
    created_at timestamp with time zone NOT NULL,
    updated_at timestamp with time zone NOT NULL
);


ALTER TABLE public.app_macky_attribute OWNER TO postgres;

--
-- Name: app_macky_attribute_id_seq; Type: SEQUENCE; Schema: public; Owner: postgres
--

ALTER TABLE public.app_macky_attribute ALTER COLUMN id ADD GENERATED BY DEFAULT AS IDENTITY (
    SEQUENCE NAME public.app_macky_attribute_id_seq
    START WITH 1
    INCREMENT BY 1
    NO MINVALUE
    NO MAXVALUE
    CACHE 1
);


--
-- Name: app_macky_form; Type: TABLE; Schema: public; Owner: postgres
--

CREATE TABLE public.app_macky_form (
    id bigint NOT NULL,
    form_name character varying(255) NOT NULL,
    created_at timestamp with time zone NOT NULL,
    updated_at timestamp with time zone NOT NULL,
    included_in_gallery boolean NOT NULL
);


ALTER TABLE public.app_macky_form OWNER TO postgres;

--
-- Name: app_macky_form_id_seq; Type: SEQUENCE; Schema: public; Owner: postgres
--

ALTER TABLE public.app_macky_form ALTER COLUMN id ADD GENERATED BY DEFAULT AS IDENTITY (
    SEQUENCE NAME public.app_macky_form_id_seq
    START WITH 1
    INCREMENT BY 1
    NO MINVALUE
    NO MAXVALUE
    CACHE 1
);


--
-- Name: app_macky_formattribute; Type: TABLE; Schema: public; Owner: postgres
--

CREATE TABLE public.app_macky_formattribute (
    id bigint NOT NULL,
    attribute_id bigint NOT NULL,
    form_id bigint NOT NULL,
    display_in_gallery boolean NOT NULL,
    created_at timestamp with time zone NOT NULL,
    updated_at timestamp with time zone NOT NULL,
    required boolean NOT NULL
);


ALTER TABLE public.app_macky_formattribute OWNER TO postgres;

--
-- Name: app_macky_formattribute_id_seq; Type: SEQUENCE; Schema: public; Owner: postgres
--

ALTER TABLE public.app_macky_formattribute ALTER COLUMN id ADD GENERATED BY DEFAULT AS IDENTITY (
    SEQUENCE NAME public.app_macky_formattribute_id_seq
    START WITH 1
    INCREMENT BY 1
    NO MINVALUE
    NO MAXVALUE
    CACHE 1
);


--
-- Name: app_macky_formattributedata; Type: TABLE; Schema: public; Owner: postgres
--

CREATE TABLE public.app_macky_formattributedata (
    id bigint NOT NULL,
    value character varying(255),
    form_attribute_id bigint NOT NULL,
    record_id bigint,
    created_at timestamp with time zone NOT NULL,
    updated_at timestamp with time zone NOT NULL
);


ALTER TABLE public.app_macky_formattributedata OWNER TO postgres;

--
-- Name: app_macky_formattributedata_id_seq; Type: SEQUENCE; Schema: public; Owner: postgres
--

ALTER TABLE public.app_macky_formattributedata ALTER COLUMN id ADD GENERATED BY DEFAULT AS IDENTITY (
    SEQUENCE NAME public.app_macky_formattributedata_id_seq
    START WITH 1
    INCREMENT BY 1
    NO MINVALUE
    NO MAXVALUE
    CACHE 1
);


--
-- Name: app_macky_gallery; Type: TABLE; Schema: public; Owner: postgres
--

CREATE TABLE public.app_macky_gallery (
    id bigint NOT NULL,
    created_at timestamp with time zone NOT NULL,
    updated_at timestamp with time zone NOT NULL,
    form_id bigint NOT NULL,
    gallery_name character varying(255) NOT NULL
);


ALTER TABLE public.app_macky_gallery OWNER TO postgres;

--
-- Name: app_macky_gallery_id_seq; Type: SEQUENCE; Schema: public; Owner: postgres
--

ALTER TABLE public.app_macky_gallery ALTER COLUMN id ADD GENERATED BY DEFAULT AS IDENTITY (
    SEQUENCE NAME public.app_macky_gallery_id_seq
    START WITH 1
    INCREMENT BY 1
    NO MINVALUE
    NO MAXVALUE
    CACHE 1
);


--
-- Name: app_macky_record; Type: TABLE; Schema: public; Owner: postgres
--

CREATE TABLE public.app_macky_record (
    id bigint NOT NULL,
    created_at timestamp with time zone NOT NULL,
    updated_at timestamp with time zone NOT NULL,
    user_id integer,
    description text NOT NULL,
    form_id bigint
);


ALTER TABLE public.app_macky_record OWNER TO postgres;

--
-- Name: app_macky_record_id_seq; Type: SEQUENCE; Schema: public; Owner: postgres
--

ALTER TABLE public.app_macky_record ALTER COLUMN id ADD GENERATED BY DEFAULT AS IDENTITY (
    SEQUENCE NAME public.app_macky_record_id_seq
    START WITH 1
    INCREMENT BY 1
    NO MINVALUE
    NO MAXVALUE
    CACHE 1
);


--
-- Name: app_macky_recordcomment; Type: TABLE; Schema: public; Owner: postgres
--

CREATE TABLE public.app_macky_recordcomment (
    id bigint NOT NULL,
    comment text NOT NULL,
    created_at timestamp with time zone NOT NULL,
    record_id bigint,
    user_id integer,
    updated_at timestamp with time zone NOT NULL,
    aproved_by_admin boolean NOT NULL
);


ALTER TABLE public.app_macky_recordcomment OWNER TO postgres;

--
-- Name: app_macky_recordcomment_id_seq; Type: SEQUENCE; Schema: public; Owner: postgres
--

ALTER TABLE public.app_macky_recordcomment ALTER COLUMN id ADD GENERATED BY DEFAULT AS IDENTITY (
    SEQUENCE NAME public.app_macky_recordcomment_id_seq
    START WITH 1
    INCREMENT BY 1
    NO MINVALUE
    NO MAXVALUE
    CACHE 1
);


--
-- Name: app_macky_vote; Type: TABLE; Schema: public; Owner: postgres
--

CREATE TABLE public.app_macky_vote (
    id bigint NOT NULL,
    created_at timestamp with time zone NOT NULL,
    updated_at timestamp with time zone NOT NULL,
    vote_type character varying(10) NOT NULL,
    record_id bigint NOT NULL,
    user_id integer NOT NULL
);


ALTER TABLE public.app_macky_vote OWNER TO postgres;

--
-- Name: app_macky_vote_id_seq; Type: SEQUENCE; Schema: public; Owner: postgres
--

ALTER TABLE public.app_macky_vote ALTER COLUMN id ADD GENERATED BY DEFAULT AS IDENTITY (
    SEQUENCE NAME public.app_macky_vote_id_seq
    START WITH 1
    INCREMENT BY 1
    NO MINVALUE
    NO MAXVALUE
    CACHE 1
);


--
-- Name: auth_group; Type: TABLE; Schema: public; Owner: postgres
--

CREATE TABLE public.auth_group (
    id integer NOT NULL,
    name character varying(150) NOT NULL
);


ALTER TABLE public.auth_group OWNER TO postgres;

--
-- Name: auth_group_id_seq; Type: SEQUENCE; Schema: public; Owner: postgres
--

ALTER TABLE public.auth_group ALTER COLUMN id ADD GENERATED BY DEFAULT AS IDENTITY (
    SEQUENCE NAME public.auth_group_id_seq
    START WITH 1
    INCREMENT BY 1
    NO MINVALUE
    NO MAXVALUE
    CACHE 1
);


--
-- Name: auth_group_permissions; Type: TABLE; Schema: public; Owner: postgres
--

CREATE TABLE public.auth_group_permissions (
    id bigint NOT NULL,
    group_id integer NOT NULL,
    permission_id integer NOT NULL
);


ALTER TABLE public.auth_group_permissions OWNER TO postgres;

--
-- Name: auth_group_permissions_id_seq; Type: SEQUENCE; Schema: public; Owner: postgres
--

ALTER TABLE public.auth_group_permissions ALTER COLUMN id ADD GENERATED BY DEFAULT AS IDENTITY (
    SEQUENCE NAME public.auth_group_permissions_id_seq
    START WITH 1
    INCREMENT BY 1
    NO MINVALUE
    NO MAXVALUE
    CACHE 1
);


--
-- Name: auth_permission; Type: TABLE; Schema: public; Owner: postgres
--

CREATE TABLE public.auth_permission (
    id integer NOT NULL,
    name character varying(255) NOT NULL,
    content_type_id integer NOT NULL,
    codename character varying(100) NOT NULL
);


ALTER TABLE public.auth_permission OWNER TO postgres;

--
-- Name: auth_permission_id_seq; Type: SEQUENCE; Schema: public; Owner: postgres
--

ALTER TABLE public.auth_permission ALTER COLUMN id ADD GENERATED BY DEFAULT AS IDENTITY (
    SEQUENCE NAME public.auth_permission_id_seq
    START WITH 1
    INCREMENT BY 1
    NO MINVALUE
    NO MAXVALUE
    CACHE 1
);


--
-- Name: auth_user; Type: TABLE; Schema: public; Owner: postgres
--

CREATE TABLE public.auth_user (
    id integer NOT NULL,
    password character varying(128) NOT NULL,
    last_login timestamp with time zone,
    is_superuser boolean NOT NULL,
    username character varying(150) NOT NULL,
    first_name character varying(150) NOT NULL,
    last_name character varying(150) NOT NULL,
    email character varying(254) NOT NULL,
    is_staff boolean NOT NULL,
    is_active boolean NOT NULL,
    date_joined timestamp with time zone NOT NULL
);


ALTER TABLE public.auth_user OWNER TO postgres;

--
-- Name: auth_user_groups; Type: TABLE; Schema: public; Owner: postgres
--

CREATE TABLE public.auth_user_groups (
    id bigint NOT NULL,
    user_id integer NOT NULL,
    group_id integer NOT NULL
);


ALTER TABLE public.auth_user_groups OWNER TO postgres;

--
-- Name: auth_user_groups_id_seq; Type: SEQUENCE; Schema: public; Owner: postgres
--

ALTER TABLE public.auth_user_groups ALTER COLUMN id ADD GENERATED BY DEFAULT AS IDENTITY (
    SEQUENCE NAME public.auth_user_groups_id_seq
    START WITH 1
    INCREMENT BY 1
    NO MINVALUE
    NO MAXVALUE
    CACHE 1
);


--
-- Name: auth_user_id_seq; Type: SEQUENCE; Schema: public; Owner: postgres
--

ALTER TABLE public.auth_user ALTER COLUMN id ADD GENERATED BY DEFAULT AS IDENTITY (
    SEQUENCE NAME public.auth_user_id_seq
    START WITH 1
    INCREMENT BY 1
    NO MINVALUE
    NO MAXVALUE
    CACHE 1
);


--
-- Name: auth_user_user_permissions; Type: TABLE; Schema: public; Owner: postgres
--

CREATE TABLE public.auth_user_user_permissions (
    id bigint NOT NULL,
    user_id integer NOT NULL,
    permission_id integer NOT NULL
);


ALTER TABLE public.auth_user_user_permissions OWNER TO postgres;

--
-- Name: auth_user_user_permissions_id_seq; Type: SEQUENCE; Schema: public; Owner: postgres
--

ALTER TABLE public.auth_user_user_permissions ALTER COLUMN id ADD GENERATED BY DEFAULT AS IDENTITY (
    SEQUENCE NAME public.auth_user_user_permissions_id_seq
    START WITH 1
    INCREMENT BY 1
    NO MINVALUE
    NO MAXVALUE
    CACHE 1
);


--
-- Name: django_admin_log; Type: TABLE; Schema: public; Owner: postgres
--

CREATE TABLE public.django_admin_log (
    id integer NOT NULL,
    action_time timestamp with time zone NOT NULL,
    object_id text,
    object_repr character varying(200) NOT NULL,
    action_flag smallint NOT NULL,
    change_message text NOT NULL,
    content_type_id integer,
    user_id integer NOT NULL,
    CONSTRAINT django_admin_log_action_flag_check CHECK ((action_flag >= 0))
);


ALTER TABLE public.django_admin_log OWNER TO postgres;

--
-- Name: django_admin_log_id_seq; Type: SEQUENCE; Schema: public; Owner: postgres
--

ALTER TABLE public.django_admin_log ALTER COLUMN id ADD GENERATED BY DEFAULT AS IDENTITY (
    SEQUENCE NAME public.django_admin_log_id_seq
    START WITH 1
    INCREMENT BY 1
    NO MINVALUE
    NO MAXVALUE
    CACHE 1
);


--
-- Name: django_content_type; Type: TABLE; Schema: public; Owner: postgres
--

CREATE TABLE public.django_content_type (
    id integer NOT NULL,
    app_label character varying(100) NOT NULL,
    model character varying(100) NOT NULL
);


ALTER TABLE public.django_content_type OWNER TO postgres;

--
-- Name: django_content_type_id_seq; Type: SEQUENCE; Schema: public; Owner: postgres
--

ALTER TABLE public.django_content_type ALTER COLUMN id ADD GENERATED BY DEFAULT AS IDENTITY (
    SEQUENCE NAME public.django_content_type_id_seq
    START WITH 1
    INCREMENT BY 1
    NO MINVALUE
    NO MAXVALUE
    CACHE 1
);


--
-- Name: django_migrations; Type: TABLE; Schema: public; Owner: postgres
--

CREATE TABLE public.django_migrations (
    id bigint NOT NULL,
    app character varying(255) NOT NULL,
    name character varying(255) NOT NULL,
    applied timestamp with time zone NOT NULL
);


ALTER TABLE public.django_migrations OWNER TO postgres;

--
-- Name: django_migrations_id_seq; Type: SEQUENCE; Schema: public; Owner: postgres
--

ALTER TABLE public.django_migrations ALTER COLUMN id ADD GENERATED BY DEFAULT AS IDENTITY (
    SEQUENCE NAME public.django_migrations_id_seq
    START WITH 1
    INCREMENT BY 1
    NO MINVALUE
    NO MAXVALUE
    CACHE 1
);


--
-- Name: django_session; Type: TABLE; Schema: public; Owner: postgres
--

CREATE TABLE public.django_session (
    session_key character varying(40) NOT NULL,
    session_data text NOT NULL,
    expire_date timestamp with time zone NOT NULL
);


ALTER TABLE public.django_session OWNER TO postgres;

--
-- Data for Name: app_macky_attribute; Type: TABLE DATA; Schema: public; Owner: postgres
--

COPY public.app_macky_attribute (id, name, type, created_at, updated_at) FROM stdin;
18	Image	image_url	2024-05-06 17:58:46.379124+02	2024-05-06 17:58:46.379137+02
16	weight	int	2024-05-06 17:58:26.389169+02	2024-05-06 17:58:26.389184+02
17	age	int	2024-05-06 17:58:30.414465+02	2024-05-06 17:58:30.414482+02
19	colour	str	2024-05-06 17:59:04.242661+02	2024-05-06 17:59:04.242669+02
20	origin	str	2024-05-06 17:59:43.95554+02	2024-05-06 17:59:43.955554+02
21	birthday	date	2024-05-06 18:00:42.666299+02	2024-05-06 18:00:42.666306+02
22	castration	bool	2024-05-06 18:01:13.361304+02	2024-05-06 18:01:13.361315+02
\.


--
-- Data for Name: app_macky_form; Type: TABLE DATA; Schema: public; Owner: postgres
--

COPY public.app_macky_form (id, form_name, created_at, updated_at, included_in_gallery) FROM stdin;
27	maine coon cat	2024-05-06 18:06:06.202321+02	2024-05-06 18:06:06.20233+02	t
26	British Shorthair cat	2024-05-06 18:05:36.006729+02	2024-05-06 18:05:36.006736+02	t
25	Mumbai cat	2024-05-06 18:04:48.440295+02	2024-05-06 18:04:48.440302+02	t
28	persian cat	2024-05-06 18:06:35.469816+02	2024-05-06 18:06:35.469826+02	t
29	siamese cat	2024-05-06 18:08:08.430942+02	2024-05-06 18:08:08.43095+02	t
\.


--
-- Data for Name: app_macky_formattribute; Type: TABLE DATA; Schema: public; Owner: postgres
--

COPY public.app_macky_formattribute (id, attribute_id, form_id, display_in_gallery, created_at, updated_at, required) FROM stdin;
146	18	27	t	2024-05-06 18:06:06.227255+02	2024-05-06 18:06:06.227265+02	t
147	16	27	t	2024-05-06 18:06:06.230805+02	2024-05-06 18:06:06.230815+02	t
148	17	27	t	2024-05-06 18:06:06.234045+02	2024-05-06 18:06:06.234059+02	t
149	22	27	t	2024-05-06 18:06:06.237479+02	2024-05-06 18:06:06.237493+02	t
142	18	26	t	2024-05-06 18:05:49.860111+02	2024-05-06 18:05:49.860118+02	t
143	16	26	t	2024-05-06 18:05:49.862442+02	2024-05-06 18:05:49.862452+02	t
144	17	26	t	2024-05-06 18:05:49.864942+02	2024-05-06 18:05:49.864951+02	t
145	20	26	t	2024-05-06 18:05:49.867941+02	2024-05-06 18:05:49.867947+02	t
135	18	25	t	2024-05-06 18:04:48.458683+02	2024-05-06 18:04:48.458689+02	t
136	16	25	t	2024-05-06 18:04:48.4616+02	2024-05-06 18:04:48.461606+02	t
137	17	25	t	2024-05-06 18:04:48.463824+02	2024-05-06 18:04:48.463832+02	t
150	18	28	t	2024-05-06 18:06:35.489894+02	2024-05-06 18:06:35.489901+02	t
151	16	28	t	2024-05-06 18:06:35.493333+02	2024-05-06 18:06:35.49334+02	t
152	17	28	t	2024-05-06 18:06:35.495604+02	2024-05-06 18:06:35.495611+02	t
153	20	28	t	2024-05-06 18:06:35.497789+02	2024-05-06 18:06:35.497795+02	t
154	18	29	t	2024-05-06 18:08:08.455728+02	2024-05-06 18:08:08.455734+02	t
155	16	29	t	2024-05-06 18:08:08.458431+02	2024-05-06 18:08:08.458437+02	t
156	17	29	t	2024-05-06 18:08:08.46063+02	2024-05-06 18:08:08.460636+02	t
157	20	29	t	2024-05-06 18:08:08.462668+02	2024-05-06 18:08:08.462674+02	t
\.


--
-- Data for Name: app_macky_formattributedata; Type: TABLE DATA; Schema: public; Owner: postgres
--

COPY public.app_macky_formattributedata (id, value, form_attribute_id, record_id, created_at, updated_at) FROM stdin;
298	7	147	79	2024-05-06 18:12:59.417903+02	2024-05-06 18:12:59.417917+02
299	4	148	79	2024-05-06 18:12:59.424127+02	2024-05-06 18:12:59.424137+02
300	no	149	79	2024-05-06 18:12:59.429323+02	2024-05-06 18:12:59.429334+02
301	/media/R%20(4).jpeg	146	79	2024-05-06 18:12:59.436753+02	2024-05-06 18:12:59.436766+02
302	3	147	80	2024-05-06 18:15:51.908467+02	2024-05-06 18:15:51.908479+02
303	2	148	80	2024-05-06 18:15:51.913737+02	2024-05-06 18:15:51.913744+02
304	yes	149	80	2024-05-06 18:15:51.917163+02	2024-05-06 18:15:51.917169+02
305	/media/R%20(3).jpeg	146	80	2024-05-06 18:15:51.920832+02	2024-05-06 18:15:51.920841+02
306	4	147	81	2024-05-06 18:17:45.55334+02	2024-05-06 18:17:45.553352+02
307	8	148	81	2024-05-06 18:17:45.558809+02	2024-05-06 18:17:45.558819+02
308	no	149	81	2024-05-06 18:17:45.564203+02	2024-05-06 18:17:45.564216+02
309	/media/R%20(2).jpeg	146	81	2024-05-06 18:17:45.570799+02	2024-05-06 18:17:45.570812+02
310	2	136	82	2024-05-06 18:18:51.905813+02	2024-05-06 18:18:51.90582+02
311	5	137	82	2024-05-06 18:18:51.909175+02	2024-05-06 18:18:51.909182+02
312	/media/OIP%20(3).jpeg	135	82	2024-05-06 18:18:51.912712+02	2024-05-06 18:18:51.912718+02
313	3	136	83	2024-05-06 18:19:25.598913+02	2024-05-06 18:19:25.598919+02
314	7	137	83	2024-05-06 18:19:25.602144+02	2024-05-06 18:19:25.60215+02
315	/media/OIP%20(2).jpeg	135	83	2024-05-06 18:19:25.6055+02	2024-05-06 18:19:25.605508+02
316	4	136	84	2024-05-06 18:20:09.429106+02	2024-05-06 18:20:09.429119+02
317	2	137	84	2024-05-06 18:20:09.435789+02	2024-05-06 18:20:09.435802+02
318	/media/OIP%20(1).jpeg	135	84	2024-05-06 18:20:09.442714+02	2024-05-06 18:20:09.442726+02
319	3	136	85	2024-05-06 18:20:57.604463+02	2024-05-06 18:20:57.604471+02
320	7	137	85	2024-05-06 18:20:57.609511+02	2024-05-06 18:20:57.609518+02
321	/media/OIP.jpeg	135	85	2024-05-06 18:20:57.613966+02	2024-05-06 18:20:57.613974+02
322	6	143	86	2024-05-06 18:22:32.962831+02	2024-05-06 18:22:32.962837+02
323	10	144	86	2024-05-06 18:22:32.966244+02	2024-05-06 18:22:32.966251+02
324	Slovensko	145	86	2024-05-06 18:22:32.96928+02	2024-05-06 18:22:32.969287+02
325	/media/R.jpeg	142	86	2024-05-06 18:22:32.972968+02	2024-05-06 18:22:32.972975+02
326	1	143	87	2024-05-06 18:23:05.946086+02	2024-05-06 18:23:05.946093+02
327	1	144	87	2024-05-06 18:23:05.950266+02	2024-05-06 18:23:05.950273+02
328	Belgium	145	87	2024-05-06 18:23:05.955411+02	2024-05-06 18:23:05.955417+02
329	/media/OIP%20(4).jpeg	142	87	2024-05-06 18:23:05.959117+02	2024-05-06 18:23:05.959124+02
330	9	151	88	2024-05-06 18:24:37.524764+02	2024-05-06 18:24:37.524776+02
331	6	152	88	2024-05-06 18:24:37.532137+02	2024-05-06 18:24:37.532149+02
332	Germany	153	88	2024-05-06 18:24:37.53846+02	2024-05-06 18:24:37.538471+02
333	/media/OIP%20(6).jpeg	150	88	2024-05-06 18:24:37.545803+02	2024-05-06 18:24:37.545816+02
334	6	151	89	2024-05-06 18:25:34.346456+02	2024-05-06 18:25:34.346465+02
335	12	152	89	2024-05-06 18:25:34.371223+02	2024-05-06 18:25:34.371229+02
336	Belgium	153	89	2024-05-06 18:25:34.37554+02	2024-05-06 18:25:34.375547+02
337	/media/OIP%20(3)_qsnjywW.jpeg	150	89	2024-05-06 18:25:34.380714+02	2024-05-06 18:25:34.380725+02
338	5	155	90	2024-05-06 18:26:33.73361+02	2024-05-06 18:26:33.733618+02
339	7	156	90	2024-05-06 18:26:33.737684+02	2024-05-06 18:26:33.73769+02
340	Slovensko	157	90	2024-05-06 18:26:33.741605+02	2024-05-06 18:26:33.741614+02
341	/media/R%20(1).jpeg	154	90	2024-05-06 18:26:33.747533+02	2024-05-06 18:26:33.747549+02
342	4	155	91	2024-05-06 18:27:16.371712+02	2024-05-06 18:27:16.371717+02
343	3	156	91	2024-05-06 18:27:16.374895+02	2024-05-06 18:27:16.374902+02
344	Poland	157	91	2024-05-06 18:27:16.377985+02	2024-05-06 18:27:16.377991+02
345	/media/OIP%20(1)_wQkZ6Xh.jpeg	154	91	2024-05-06 18:27:16.382104+02	2024-05-06 18:27:16.382114+02
\.


--
-- Data for Name: app_macky_gallery; Type: TABLE DATA; Schema: public; Owner: postgres
--

COPY public.app_macky_gallery (id, created_at, updated_at, form_id, gallery_name) FROM stdin;
36	2024-05-06 18:08:39.763504+02	2024-05-06 18:08:39.763515+02	27	Maine Coon
35	2024-05-06 18:08:31.32831+02	2024-05-06 18:08:31.328317+02	26	British Shorthair
34	2024-05-06 18:08:19.865157+02	2024-05-06 18:08:19.865165+02	25	Mumbai
37	2024-05-06 18:09:11.085228+02	2024-05-06 18:09:11.085235+02	28	Persian
38	2024-05-06 18:09:26.226544+02	2024-05-06 18:09:26.226555+02	29	Siamese
\.


--
-- Data for Name: app_macky_record; Type: TABLE DATA; Schema: public; Owner: postgres
--

COPY public.app_macky_record (id, created_at, updated_at, user_id, description, form_id) FROM stdin;
88	2024-05-06 18:24:37.512359+02	2024-05-06 18:24:37.512371+02	27	chilling	28
89	2024-05-06 18:25:34.338053+02	2024-05-06 18:25:34.338061+02	27	adorable, yet scratching a lot.	28
90	2024-05-06 18:26:33.726309+02	2024-05-06 18:26:33.726316+02	28	casing cat on the grass	29
91	2024-05-06 18:27:16.363615+02	2024-05-06 18:27:16.363623+02	28	cat with blue eyes.	29
79	2024-05-06 18:12:59.406558+02	2024-05-06 18:12:59.40657+02	27	older cat	27
80	2024-05-06 18:15:51.900841+02	2024-05-06 18:15:51.900853+02	27		\N
81	2024-05-06 18:17:45.545726+02	2024-05-06 18:17:45.545736+02	27		\N
82	2024-05-06 18:18:51.898049+02	2024-05-06 18:18:51.898056+02	28	small black cat	25
83	2024-05-06 18:19:25.592202+02	2024-05-06 18:19:25.592212+02	28	cat on a tree	25
84	2024-05-06 18:20:09.4171+02	2024-05-06 18:20:09.417112+02	28	look is for every penny.	25
85	2024-05-06 18:20:57.597772+02	2024-05-06 18:20:57.597778+02	28	lying on bed	25
86	2024-05-06 18:22:32.955368+02	2024-05-06 18:22:32.955374+02	30	lying on the table, watching for something to eat.	26
87	2024-05-06 18:23:05.938035+02	2024-05-06 18:23:05.938047+02	30	newborn	26
\.


--
-- Data for Name: app_macky_recordcomment; Type: TABLE DATA; Schema: public; Owner: postgres
--

COPY public.app_macky_recordcomment (id, comment, created_at, record_id, user_id, updated_at, aproved_by_admin) FROM stdin;
107	hold on tight :)	2024-05-06 18:19:25.607395+02	83	28	2024-05-06 18:19:25.607404+02	t
108	ready for anything.	2024-05-06 18:28:41.824319+02	90	26	2024-05-06 18:28:41.824328+02	t
109	get her to vet	2024-05-06 18:29:49.734249+02	79	26	2024-05-06 18:29:49.734256+02	t
\.


--
-- Data for Name: app_macky_vote; Type: TABLE DATA; Schema: public; Owner: postgres
--

COPY public.app_macky_vote (id, created_at, updated_at, vote_type, record_id, user_id) FROM stdin;
66	2024-05-06 18:28:29.223706+02	2024-05-06 18:28:29.223713+02	up	90	26
67	2024-05-06 18:28:30.292042+02	2024-05-06 18:28:30.292055+02	up	91	26
68	2024-05-06 18:29:12.738208+02	2024-05-06 18:29:12.738221+02	down	89	26
69	2024-05-06 18:29:14.812265+02	2024-05-06 18:29:14.812274+02	up	88	26
70	2024-05-06 18:29:22.608461+02	2024-05-06 18:29:22.608473+02	up	87	26
71	2024-05-06 18:29:23.232737+02	2024-05-06 18:29:23.23275+02	up	86	26
72	2024-05-06 18:29:30.809236+02	2024-05-06 18:29:30.809246+02	up	79	26
73	2024-05-06 18:29:31.229751+02	2024-05-06 18:29:31.229765+02	down	81	26
74	2024-05-06 18:29:32.305448+02	2024-05-06 18:29:32.305455+02	down	80	26
75	2024-05-06 18:29:58.311712+02	2024-05-06 18:29:58.311725+02	up	84	26
76	2024-05-06 18:29:59.166358+02	2024-05-06 18:29:59.16637+02	up	83	26
77	2024-05-06 18:30:00.025515+02	2024-05-06 18:30:00.025525+02	up	82	26
78	2024-05-06 18:30:01.815274+02	2024-05-06 18:30:01.81528+02	up	85	26
\.


--
-- Data for Name: auth_group; Type: TABLE DATA; Schema: public; Owner: postgres
--

COPY public.auth_group (id, name) FROM stdin;
1	prihlásený použivateľ
2	admin
3	posudzovateľ
\.


--
-- Data for Name: auth_group_permissions; Type: TABLE DATA; Schema: public; Owner: postgres
--

COPY public.auth_group_permissions (id, group_id, permission_id) FROM stdin;
\.


--
-- Data for Name: auth_permission; Type: TABLE DATA; Schema: public; Owner: postgres
--

COPY public.auth_permission (id, name, content_type_id, codename) FROM stdin;
1	Can add attribute	1	add_attribute
2	Can change attribute	1	change_attribute
3	Can delete attribute	1	delete_attribute
4	Can view attribute	1	view_attribute
5	Can add form	2	add_form
6	Can change form	2	change_form
7	Can delete form	2	delete_form
8	Can view form	2	view_form
9	Can add record	3	add_record
10	Can change record	3	change_record
11	Can delete record	3	delete_record
12	Can view record	3	view_record
13	Can add record comment	4	add_recordcomment
14	Can change record comment	4	change_recordcomment
15	Can delete record comment	4	delete_recordcomment
16	Can view record comment	4	view_recordcomment
17	Can add form attribute	5	add_formattribute
18	Can change form attribute	5	change_formattribute
19	Can delete form attribute	5	delete_formattribute
20	Can view form attribute	5	view_formattribute
21	Can add log entry	6	add_logentry
22	Can change log entry	6	change_logentry
23	Can delete log entry	6	delete_logentry
24	Can view log entry	6	view_logentry
25	Can add permission	7	add_permission
26	Can change permission	7	change_permission
27	Can delete permission	7	delete_permission
28	Can view permission	7	view_permission
29	Can add group	8	add_group
30	Can change group	8	change_group
31	Can delete group	8	delete_group
32	Can view group	8	view_group
33	Can add user	9	add_user
34	Can change user	9	change_user
35	Can delete user	9	delete_user
36	Can view user	9	view_user
37	Can add content type	10	add_contenttype
38	Can change content type	10	change_contenttype
39	Can delete content type	10	delete_contenttype
40	Can view content type	10	view_contenttype
41	Can add session	11	add_session
42	Can change session	11	change_session
43	Can delete session	11	delete_session
44	Can view session	11	view_session
45	Can add gallery	12	add_gallery
46	Can change gallery	12	change_gallery
47	Can delete gallery	12	delete_gallery
48	Can view gallery	12	view_gallery
49	Can add form attribute data	13	add_formattributedata
50	Can change form attribute data	13	change_formattributedata
51	Can delete form attribute data	13	delete_formattributedata
52	Can view form attribute data	13	view_formattributedata
53	Can add vote	14	add_vote
54	Can change vote	14	change_vote
55	Can delete vote	14	delete_vote
56	Can view vote	14	view_vote
\.


--
-- Data for Name: auth_user; Type: TABLE DATA; Schema: public; Owner: postgres
--

COPY public.auth_user (id, password, last_login, is_superuser, username, first_name, last_name, email, is_staff, is_active, date_joined) FROM stdin;
30	pbkdf2_sha256$600000$CYwnL2EfNMjkjVuFhWwNRS$xmegJE4DH6QDJKpqEXinWoay4fw1Dcl5C6edo3TFDk8=	2024-05-06 18:21:20.526578+02	f	jozef	Jozef	Záhorský	jozef.zahorsky@pobox.sk	f	t	2024-05-06 17:56:20.56598+02
27	pbkdf2_sha256$600000$QpJ9iqi7dbVgsgUiQJ0HO4$2YUzAeI9OJrRcz4WScPpUFv+KmvMPeEtgbyMgXB0zew=	2024-05-06 18:23:38.295311+02	f	martin	Martin	Mokrý	martin.mokry@gmail.com	f	t	2024-05-06 17:52:55.21965+02
28	pbkdf2_sha256$600000$hteBEADL9oroISkTtdRgJM$pA132IuA+kEe65I4iSt4nshhFbDmkFHrQCEJhWYvxb4=	2024-05-06 18:25:56.593561+02	f	peter	Peter	Lesný	peter.lesny@pokec.sk	f	t	2024-05-06 17:53:25.756957+02
26	pbkdf2_sha256$600000$ke2HxTBGzmxcvhBEvTJY8N$U+KeXIRTOEmEkiwLxkcLdTQV0ZX9t0HtMlQxYqUW0iY=	2024-05-06 18:28:24.07147+02	f	adam	Adam	Melikant	adam.melikantt@gmail.com	f	t	2024-05-06 17:52:00.198379+02
31	pbkdf2_sha256$600000$wf2ujF78i8mhyByeBCGKQz$y7sqoBbHvU5X9NNheGZsOpJk7lQ3p41vJxjaZKjVELQ=	\N	f	admin1	Admin1	Adminový1	admin.admin@gmail.com	f	t	2024-05-06 18:31:43.351843+02
24	pbkdf2_sha256$600000$wqmYyppYBgP1RLDvvBW0p5$wwn5OF2H2NaSEHxo/YBz58JgT+pPCZbPTs44t4PfF+o=	2024-05-06 18:32:08.62808+02	f	admin	Admin	Adminový	adam.melikan@gmail.com	f	t	2024-05-03 22:08:47.28962+02
\.


--
-- Data for Name: auth_user_groups; Type: TABLE DATA; Schema: public; Owner: postgres
--

COPY public.auth_user_groups (id, user_id, group_id) FROM stdin;
35	27	1
36	28	1
40	26	3
41	30	1
42	31	2
43	24	2
\.


--
-- Data for Name: auth_user_user_permissions; Type: TABLE DATA; Schema: public; Owner: postgres
--

COPY public.auth_user_user_permissions (id, user_id, permission_id) FROM stdin;
\.


--
-- Data for Name: django_admin_log; Type: TABLE DATA; Schema: public; Owner: postgres
--

COPY public.django_admin_log (id, action_time, object_id, object_repr, action_flag, change_message, content_type_id, user_id) FROM stdin;
\.


--
-- Data for Name: django_content_type; Type: TABLE DATA; Schema: public; Owner: postgres
--

COPY public.django_content_type (id, app_label, model) FROM stdin;
1	app_macky	attribute
2	app_macky	form
3	app_macky	record
4	app_macky	recordcomment
5	app_macky	formattribute
6	admin	logentry
7	auth	permission
8	auth	group
9	auth	user
10	contenttypes	contenttype
11	sessions	session
12	app_macky	gallery
13	app_macky	formattributedata
14	app_macky	vote
\.


--
-- Data for Name: django_migrations; Type: TABLE DATA; Schema: public; Owner: postgres
--

COPY public.django_migrations (id, app, name, applied) FROM stdin;
1	app_macky	0001_initial	2023-11-04 19:40:45.269619+01
2	contenttypes	0001_initial	2023-11-04 19:41:25.984536+01
3	auth	0001_initial	2023-11-04 19:41:26.048849+01
4	admin	0001_initial	2023-11-04 19:41:26.06911+01
5	admin	0002_logentry_remove_auto_add	2023-11-04 19:41:26.079998+01
6	admin	0003_logentry_add_action_flag_choices	2023-11-04 19:41:26.089845+01
7	contenttypes	0002_remove_content_type_name	2023-11-04 19:41:26.113441+01
8	auth	0002_alter_permission_name_max_length	2023-11-04 19:41:26.126862+01
9	auth	0003_alter_user_email_max_length	2023-11-04 19:41:26.13797+01
10	auth	0004_alter_user_username_opts	2023-11-04 19:41:26.148515+01
11	auth	0005_alter_user_last_login_null	2023-11-04 19:41:26.159604+01
12	auth	0006_require_contenttypes_0002	2023-11-04 19:41:26.162265+01
13	auth	0007_alter_validators_add_error_messages	2023-11-04 19:41:26.167856+01
14	auth	0008_alter_user_username_max_length	2023-11-04 19:41:26.175902+01
15	auth	0009_alter_user_last_name_max_length	2023-11-04 19:41:26.181763+01
16	auth	0010_alter_group_name_max_length	2023-11-04 19:41:26.188137+01
17	auth	0011_update_proxy_permissions	2023-11-04 19:41:26.195715+01
18	auth	0012_alter_user_first_name_max_length	2023-11-04 19:41:26.201482+01
19	sessions	0001_initial	2023-11-04 19:41:26.210386+01
20	app_macky	0002_form_included_in_gallery_and_more	2023-11-06 22:38:53.672999+01
21	app_macky	0003_remove_formattribute_position_and_more	2023-11-07 17:50:50.517128+01
22	app_macky	0004_gallery_gallery_name	2023-11-12 19:23:07.076795+01
23	app_macky	0005_remove_formattribute_record_and_more	2023-11-12 20:20:39.273708+01
24	app_macky	0006_attribute_updated_at_formattribute_created_at_and_more	2023-11-20 18:53:11.980918+01
25	app_macky	0007_alter_formattribute_display_in_gallery	2023-11-20 18:56:41.485345+01
26	app_macky	0008_remove_record_thumb_down_remove_record_thumb_up	2023-11-22 20:50:22.33643+01
27	app_macky	0009_record_description_recordcomment_aproved_by_admin_and_more	2023-11-24 20:00:32.38949+01
28	app_macky	0010_attribute_required	2023-11-29 19:26:15.271571+01
29	app_macky	0011_remove_attribute_required_formattribute_required	2023-11-29 21:05:23.118752+01
30	app_macky	0012_record_form	2024-05-03 17:09:11.954596+02
\.


--
-- Data for Name: django_session; Type: TABLE DATA; Schema: public; Owner: postgres
--

COPY public.django_session (session_key, session_data, expire_date) FROM stdin;
6xpqs22df8tciqendandrdahzfbqfsot	eyJhZG1pbl92aWV3IjpmYWxzZX0:1s41Gp:oMgJuN831p6WsnH998NTcdU_mjpkg0-387uRlLrrdpw	2024-05-06 19:32:55.820737+02
\.


--
-- Name: app_macky_attribute_id_seq; Type: SEQUENCE SET; Schema: public; Owner: postgres
--

SELECT pg_catalog.setval('public.app_macky_attribute_id_seq', 22, true);


--
-- Name: app_macky_form_id_seq; Type: SEQUENCE SET; Schema: public; Owner: postgres
--

SELECT pg_catalog.setval('public.app_macky_form_id_seq', 29, true);


--
-- Name: app_macky_formattribute_id_seq; Type: SEQUENCE SET; Schema: public; Owner: postgres
--

SELECT pg_catalog.setval('public.app_macky_formattribute_id_seq', 157, true);


--
-- Name: app_macky_formattributedata_id_seq; Type: SEQUENCE SET; Schema: public; Owner: postgres
--

SELECT pg_catalog.setval('public.app_macky_formattributedata_id_seq', 345, true);


--
-- Name: app_macky_gallery_id_seq; Type: SEQUENCE SET; Schema: public; Owner: postgres
--

SELECT pg_catalog.setval('public.app_macky_gallery_id_seq', 38, true);


--
-- Name: app_macky_record_id_seq; Type: SEQUENCE SET; Schema: public; Owner: postgres
--

SELECT pg_catalog.setval('public.app_macky_record_id_seq', 91, true);


--
-- Name: app_macky_recordcomment_id_seq; Type: SEQUENCE SET; Schema: public; Owner: postgres
--

SELECT pg_catalog.setval('public.app_macky_recordcomment_id_seq', 109, true);


--
-- Name: app_macky_vote_id_seq; Type: SEQUENCE SET; Schema: public; Owner: postgres
--

SELECT pg_catalog.setval('public.app_macky_vote_id_seq', 78, true);


--
-- Name: auth_group_id_seq; Type: SEQUENCE SET; Schema: public; Owner: postgres
--

SELECT pg_catalog.setval('public.auth_group_id_seq', 1, true);


--
-- Name: auth_group_permissions_id_seq; Type: SEQUENCE SET; Schema: public; Owner: postgres
--

SELECT pg_catalog.setval('public.auth_group_permissions_id_seq', 1, false);


--
-- Name: auth_permission_id_seq; Type: SEQUENCE SET; Schema: public; Owner: postgres
--

SELECT pg_catalog.setval('public.auth_permission_id_seq', 56, true);


--
-- Name: auth_user_groups_id_seq; Type: SEQUENCE SET; Schema: public; Owner: postgres
--

SELECT pg_catalog.setval('public.auth_user_groups_id_seq', 43, true);


--
-- Name: auth_user_id_seq; Type: SEQUENCE SET; Schema: public; Owner: postgres
--

SELECT pg_catalog.setval('public.auth_user_id_seq', 31, true);


--
-- Name: auth_user_user_permissions_id_seq; Type: SEQUENCE SET; Schema: public; Owner: postgres
--

SELECT pg_catalog.setval('public.auth_user_user_permissions_id_seq', 1, false);


--
-- Name: django_admin_log_id_seq; Type: SEQUENCE SET; Schema: public; Owner: postgres
--

SELECT pg_catalog.setval('public.django_admin_log_id_seq', 1, false);


--
-- Name: django_content_type_id_seq; Type: SEQUENCE SET; Schema: public; Owner: postgres
--

SELECT pg_catalog.setval('public.django_content_type_id_seq', 14, true);


--
-- Name: django_migrations_id_seq; Type: SEQUENCE SET; Schema: public; Owner: postgres
--

SELECT pg_catalog.setval('public.django_migrations_id_seq', 30, true);


--
-- Name: app_macky_attribute app_macky_attribute_pkey; Type: CONSTRAINT; Schema: public; Owner: postgres
--

ALTER TABLE ONLY public.app_macky_attribute
    ADD CONSTRAINT app_macky_attribute_pkey PRIMARY KEY (id);


--
-- Name: app_macky_form app_macky_form_pkey; Type: CONSTRAINT; Schema: public; Owner: postgres
--

ALTER TABLE ONLY public.app_macky_form
    ADD CONSTRAINT app_macky_form_pkey PRIMARY KEY (id);


--
-- Name: app_macky_formattribute app_macky_formattribute_pkey; Type: CONSTRAINT; Schema: public; Owner: postgres
--

ALTER TABLE ONLY public.app_macky_formattribute
    ADD CONSTRAINT app_macky_formattribute_pkey PRIMARY KEY (id);


--
-- Name: app_macky_formattributedata app_macky_formattributedata_pkey; Type: CONSTRAINT; Schema: public; Owner: postgres
--

ALTER TABLE ONLY public.app_macky_formattributedata
    ADD CONSTRAINT app_macky_formattributedata_pkey PRIMARY KEY (id);


--
-- Name: app_macky_gallery app_macky_gallery_form_id_created_at_d3c74245_uniq; Type: CONSTRAINT; Schema: public; Owner: postgres
--

ALTER TABLE ONLY public.app_macky_gallery
    ADD CONSTRAINT app_macky_gallery_form_id_created_at_d3c74245_uniq UNIQUE (form_id, created_at);


--
-- Name: app_macky_gallery app_macky_gallery_pkey; Type: CONSTRAINT; Schema: public; Owner: postgres
--

ALTER TABLE ONLY public.app_macky_gallery
    ADD CONSTRAINT app_macky_gallery_pkey PRIMARY KEY (id);


--
-- Name: app_macky_record app_macky_record_pkey; Type: CONSTRAINT; Schema: public; Owner: postgres
--

ALTER TABLE ONLY public.app_macky_record
    ADD CONSTRAINT app_macky_record_pkey PRIMARY KEY (id);


--
-- Name: app_macky_recordcomment app_macky_recordcomment_pkey; Type: CONSTRAINT; Schema: public; Owner: postgres
--

ALTER TABLE ONLY public.app_macky_recordcomment
    ADD CONSTRAINT app_macky_recordcomment_pkey PRIMARY KEY (id);


--
-- Name: app_macky_vote app_macky_vote_pkey; Type: CONSTRAINT; Schema: public; Owner: postgres
--

ALTER TABLE ONLY public.app_macky_vote
    ADD CONSTRAINT app_macky_vote_pkey PRIMARY KEY (id);


--
-- Name: app_macky_vote app_macky_vote_user_id_record_id_14bff0a6_uniq; Type: CONSTRAINT; Schema: public; Owner: postgres
--

ALTER TABLE ONLY public.app_macky_vote
    ADD CONSTRAINT app_macky_vote_user_id_record_id_14bff0a6_uniq UNIQUE (user_id, record_id);


--
-- Name: auth_group auth_group_name_key; Type: CONSTRAINT; Schema: public; Owner: postgres
--

ALTER TABLE ONLY public.auth_group
    ADD CONSTRAINT auth_group_name_key UNIQUE (name);


--
-- Name: auth_group_permissions auth_group_permissions_group_id_permission_id_0cd325b0_uniq; Type: CONSTRAINT; Schema: public; Owner: postgres
--

ALTER TABLE ONLY public.auth_group_permissions
    ADD CONSTRAINT auth_group_permissions_group_id_permission_id_0cd325b0_uniq UNIQUE (group_id, permission_id);


--
-- Name: auth_group_permissions auth_group_permissions_pkey; Type: CONSTRAINT; Schema: public; Owner: postgres
--

ALTER TABLE ONLY public.auth_group_permissions
    ADD CONSTRAINT auth_group_permissions_pkey PRIMARY KEY (id);


--
-- Name: auth_group auth_group_pkey; Type: CONSTRAINT; Schema: public; Owner: postgres
--

ALTER TABLE ONLY public.auth_group
    ADD CONSTRAINT auth_group_pkey PRIMARY KEY (id);


--
-- Name: auth_permission auth_permission_content_type_id_codename_01ab375a_uniq; Type: CONSTRAINT; Schema: public; Owner: postgres
--

ALTER TABLE ONLY public.auth_permission
    ADD CONSTRAINT auth_permission_content_type_id_codename_01ab375a_uniq UNIQUE (content_type_id, codename);


--
-- Name: auth_permission auth_permission_pkey; Type: CONSTRAINT; Schema: public; Owner: postgres
--

ALTER TABLE ONLY public.auth_permission
    ADD CONSTRAINT auth_permission_pkey PRIMARY KEY (id);


--
-- Name: auth_user_groups auth_user_groups_pkey; Type: CONSTRAINT; Schema: public; Owner: postgres
--

ALTER TABLE ONLY public.auth_user_groups
    ADD CONSTRAINT auth_user_groups_pkey PRIMARY KEY (id);


--
-- Name: auth_user_groups auth_user_groups_user_id_group_id_94350c0c_uniq; Type: CONSTRAINT; Schema: public; Owner: postgres
--

ALTER TABLE ONLY public.auth_user_groups
    ADD CONSTRAINT auth_user_groups_user_id_group_id_94350c0c_uniq UNIQUE (user_id, group_id);


--
-- Name: auth_user auth_user_pkey; Type: CONSTRAINT; Schema: public; Owner: postgres
--

ALTER TABLE ONLY public.auth_user
    ADD CONSTRAINT auth_user_pkey PRIMARY KEY (id);


--
-- Name: auth_user_user_permissions auth_user_user_permissions_pkey; Type: CONSTRAINT; Schema: public; Owner: postgres
--

ALTER TABLE ONLY public.auth_user_user_permissions
    ADD CONSTRAINT auth_user_user_permissions_pkey PRIMARY KEY (id);


--
-- Name: auth_user_user_permissions auth_user_user_permissions_user_id_permission_id_14a6b632_uniq; Type: CONSTRAINT; Schema: public; Owner: postgres
--

ALTER TABLE ONLY public.auth_user_user_permissions
    ADD CONSTRAINT auth_user_user_permissions_user_id_permission_id_14a6b632_uniq UNIQUE (user_id, permission_id);


--
-- Name: auth_user auth_user_username_key; Type: CONSTRAINT; Schema: public; Owner: postgres
--

ALTER TABLE ONLY public.auth_user
    ADD CONSTRAINT auth_user_username_key UNIQUE (username);


--
-- Name: django_admin_log django_admin_log_pkey; Type: CONSTRAINT; Schema: public; Owner: postgres
--

ALTER TABLE ONLY public.django_admin_log
    ADD CONSTRAINT django_admin_log_pkey PRIMARY KEY (id);


--
-- Name: django_content_type django_content_type_app_label_model_76bd3d3b_uniq; Type: CONSTRAINT; Schema: public; Owner: postgres
--

ALTER TABLE ONLY public.django_content_type
    ADD CONSTRAINT django_content_type_app_label_model_76bd3d3b_uniq UNIQUE (app_label, model);


--
-- Name: django_content_type django_content_type_pkey; Type: CONSTRAINT; Schema: public; Owner: postgres
--

ALTER TABLE ONLY public.django_content_type
    ADD CONSTRAINT django_content_type_pkey PRIMARY KEY (id);


--
-- Name: django_migrations django_migrations_pkey; Type: CONSTRAINT; Schema: public; Owner: postgres
--

ALTER TABLE ONLY public.django_migrations
    ADD CONSTRAINT django_migrations_pkey PRIMARY KEY (id);


--
-- Name: django_session django_session_pkey; Type: CONSTRAINT; Schema: public; Owner: postgres
--

ALTER TABLE ONLY public.django_session
    ADD CONSTRAINT django_session_pkey PRIMARY KEY (session_key);


--
-- Name: app_macky_formattribute_attribute_id_5d55ffe2; Type: INDEX; Schema: public; Owner: postgres
--

CREATE INDEX app_macky_formattribute_attribute_id_5d55ffe2 ON public.app_macky_formattribute USING btree (attribute_id);


--
-- Name: app_macky_formattribute_form_id_3e5f4180; Type: INDEX; Schema: public; Owner: postgres
--

CREATE INDEX app_macky_formattribute_form_id_3e5f4180 ON public.app_macky_formattribute USING btree (form_id);


--
-- Name: app_macky_formattributedata_form_attribute_id_29f8eb5e; Type: INDEX; Schema: public; Owner: postgres
--

CREATE INDEX app_macky_formattributedata_form_attribute_id_29f8eb5e ON public.app_macky_formattributedata USING btree (form_attribute_id);


--
-- Name: app_macky_formattributedata_record_id_f7b4a214; Type: INDEX; Schema: public; Owner: postgres
--

CREATE INDEX app_macky_formattributedata_record_id_f7b4a214 ON public.app_macky_formattributedata USING btree (record_id);


--
-- Name: app_macky_gallery_form_id_31b06432; Type: INDEX; Schema: public; Owner: postgres
--

CREATE INDEX app_macky_gallery_form_id_31b06432 ON public.app_macky_gallery USING btree (form_id);


--
-- Name: app_macky_record_form_id_0767452d; Type: INDEX; Schema: public; Owner: postgres
--

CREATE INDEX app_macky_record_form_id_0767452d ON public.app_macky_record USING btree (form_id);


--
-- Name: app_macky_record_user_id_a2ec3712; Type: INDEX; Schema: public; Owner: postgres
--

CREATE INDEX app_macky_record_user_id_a2ec3712 ON public.app_macky_record USING btree (user_id);


--
-- Name: app_macky_recordcomment_record_id_beb6262b; Type: INDEX; Schema: public; Owner: postgres
--

CREATE INDEX app_macky_recordcomment_record_id_beb6262b ON public.app_macky_recordcomment USING btree (record_id);


--
-- Name: app_macky_recordcomment_user_id_44b6aa84; Type: INDEX; Schema: public; Owner: postgres
--

CREATE INDEX app_macky_recordcomment_user_id_44b6aa84 ON public.app_macky_recordcomment USING btree (user_id);


--
-- Name: app_macky_vote_record_id_0bfd990b; Type: INDEX; Schema: public; Owner: postgres
--

CREATE INDEX app_macky_vote_record_id_0bfd990b ON public.app_macky_vote USING btree (record_id);


--
-- Name: app_macky_vote_user_id_49f3861c; Type: INDEX; Schema: public; Owner: postgres
--

CREATE INDEX app_macky_vote_user_id_49f3861c ON public.app_macky_vote USING btree (user_id);


--
-- Name: auth_group_name_a6ea08ec_like; Type: INDEX; Schema: public; Owner: postgres
--

CREATE INDEX auth_group_name_a6ea08ec_like ON public.auth_group USING btree (name varchar_pattern_ops);


--
-- Name: auth_group_permissions_group_id_b120cbf9; Type: INDEX; Schema: public; Owner: postgres
--

CREATE INDEX auth_group_permissions_group_id_b120cbf9 ON public.auth_group_permissions USING btree (group_id);


--
-- Name: auth_group_permissions_permission_id_84c5c92e; Type: INDEX; Schema: public; Owner: postgres
--

CREATE INDEX auth_group_permissions_permission_id_84c5c92e ON public.auth_group_permissions USING btree (permission_id);


--
-- Name: auth_permission_content_type_id_2f476e4b; Type: INDEX; Schema: public; Owner: postgres
--

CREATE INDEX auth_permission_content_type_id_2f476e4b ON public.auth_permission USING btree (content_type_id);


--
-- Name: auth_user_groups_group_id_97559544; Type: INDEX; Schema: public; Owner: postgres
--

CREATE INDEX auth_user_groups_group_id_97559544 ON public.auth_user_groups USING btree (group_id);


--
-- Name: auth_user_groups_user_id_6a12ed8b; Type: INDEX; Schema: public; Owner: postgres
--

CREATE INDEX auth_user_groups_user_id_6a12ed8b ON public.auth_user_groups USING btree (user_id);


--
-- Name: auth_user_user_permissions_permission_id_1fbb5f2c; Type: INDEX; Schema: public; Owner: postgres
--

CREATE INDEX auth_user_user_permissions_permission_id_1fbb5f2c ON public.auth_user_user_permissions USING btree (permission_id);


--
-- Name: auth_user_user_permissions_user_id_a95ead1b; Type: INDEX; Schema: public; Owner: postgres
--

CREATE INDEX auth_user_user_permissions_user_id_a95ead1b ON public.auth_user_user_permissions USING btree (user_id);


--
-- Name: auth_user_username_6821ab7c_like; Type: INDEX; Schema: public; Owner: postgres
--

CREATE INDEX auth_user_username_6821ab7c_like ON public.auth_user USING btree (username varchar_pattern_ops);


--
-- Name: django_admin_log_content_type_id_c4bce8eb; Type: INDEX; Schema: public; Owner: postgres
--

CREATE INDEX django_admin_log_content_type_id_c4bce8eb ON public.django_admin_log USING btree (content_type_id);


--
-- Name: django_admin_log_user_id_c564eba6; Type: INDEX; Schema: public; Owner: postgres
--

CREATE INDEX django_admin_log_user_id_c564eba6 ON public.django_admin_log USING btree (user_id);


--
-- Name: django_session_expire_date_a5c62663; Type: INDEX; Schema: public; Owner: postgres
--

CREATE INDEX django_session_expire_date_a5c62663 ON public.django_session USING btree (expire_date);


--
-- Name: django_session_session_key_c0390e0f_like; Type: INDEX; Schema: public; Owner: postgres
--

CREATE INDEX django_session_session_key_c0390e0f_like ON public.django_session USING btree (session_key varchar_pattern_ops);


--
-- Name: app_macky_formattribute app_macky_formattrib_attribute_id_5d55ffe2_fk_app_macky; Type: FK CONSTRAINT; Schema: public; Owner: postgres
--

ALTER TABLE ONLY public.app_macky_formattribute
    ADD CONSTRAINT app_macky_formattrib_attribute_id_5d55ffe2_fk_app_macky FOREIGN KEY (attribute_id) REFERENCES public.app_macky_attribute(id) DEFERRABLE INITIALLY DEFERRED;


--
-- Name: app_macky_formattributedata app_macky_formattrib_form_attribute_id_29f8eb5e_fk_app_macky; Type: FK CONSTRAINT; Schema: public; Owner: postgres
--

ALTER TABLE ONLY public.app_macky_formattributedata
    ADD CONSTRAINT app_macky_formattrib_form_attribute_id_29f8eb5e_fk_app_macky FOREIGN KEY (form_attribute_id) REFERENCES public.app_macky_formattribute(id) DEFERRABLE INITIALLY DEFERRED;


--
-- Name: app_macky_formattributedata app_macky_formattrib_record_id_f7b4a214_fk_app_macky; Type: FK CONSTRAINT; Schema: public; Owner: postgres
--

ALTER TABLE ONLY public.app_macky_formattributedata
    ADD CONSTRAINT app_macky_formattrib_record_id_f7b4a214_fk_app_macky FOREIGN KEY (record_id) REFERENCES public.app_macky_record(id) DEFERRABLE INITIALLY DEFERRED;


--
-- Name: app_macky_formattribute app_macky_formattribute_form_id_3e5f4180_fk_app_macky_form_id; Type: FK CONSTRAINT; Schema: public; Owner: postgres
--

ALTER TABLE ONLY public.app_macky_formattribute
    ADD CONSTRAINT app_macky_formattribute_form_id_3e5f4180_fk_app_macky_form_id FOREIGN KEY (form_id) REFERENCES public.app_macky_form(id) DEFERRABLE INITIALLY DEFERRED;


--
-- Name: app_macky_gallery app_macky_gallery_form_id_31b06432_fk_app_macky_form_id; Type: FK CONSTRAINT; Schema: public; Owner: postgres
--

ALTER TABLE ONLY public.app_macky_gallery
    ADD CONSTRAINT app_macky_gallery_form_id_31b06432_fk_app_macky_form_id FOREIGN KEY (form_id) REFERENCES public.app_macky_form(id) DEFERRABLE INITIALLY DEFERRED;


--
-- Name: app_macky_record app_macky_record_form_id_0767452d_fk_app_macky_form_id; Type: FK CONSTRAINT; Schema: public; Owner: postgres
--

ALTER TABLE ONLY public.app_macky_record
    ADD CONSTRAINT app_macky_record_form_id_0767452d_fk_app_macky_form_id FOREIGN KEY (form_id) REFERENCES public.app_macky_form(id) DEFERRABLE INITIALLY DEFERRED;


--
-- Name: app_macky_record app_macky_record_user_id_a2ec3712_fk_auth_user_id; Type: FK CONSTRAINT; Schema: public; Owner: postgres
--

ALTER TABLE ONLY public.app_macky_record
    ADD CONSTRAINT app_macky_record_user_id_a2ec3712_fk_auth_user_id FOREIGN KEY (user_id) REFERENCES public.auth_user(id) DEFERRABLE INITIALLY DEFERRED;


--
-- Name: app_macky_recordcomment app_macky_recordcomm_record_id_beb6262b_fk_app_macky; Type: FK CONSTRAINT; Schema: public; Owner: postgres
--

ALTER TABLE ONLY public.app_macky_recordcomment
    ADD CONSTRAINT app_macky_recordcomm_record_id_beb6262b_fk_app_macky FOREIGN KEY (record_id) REFERENCES public.app_macky_record(id) DEFERRABLE INITIALLY DEFERRED;


--
-- Name: app_macky_recordcomment app_macky_recordcomment_user_id_44b6aa84_fk_auth_user_id; Type: FK CONSTRAINT; Schema: public; Owner: postgres
--

ALTER TABLE ONLY public.app_macky_recordcomment
    ADD CONSTRAINT app_macky_recordcomment_user_id_44b6aa84_fk_auth_user_id FOREIGN KEY (user_id) REFERENCES public.auth_user(id) DEFERRABLE INITIALLY DEFERRED;


--
-- Name: app_macky_vote app_macky_vote_record_id_0bfd990b_fk_app_macky_record_id; Type: FK CONSTRAINT; Schema: public; Owner: postgres
--

ALTER TABLE ONLY public.app_macky_vote
    ADD CONSTRAINT app_macky_vote_record_id_0bfd990b_fk_app_macky_record_id FOREIGN KEY (record_id) REFERENCES public.app_macky_record(id) DEFERRABLE INITIALLY DEFERRED;


--
-- Name: app_macky_vote app_macky_vote_user_id_49f3861c_fk_auth_user_id; Type: FK CONSTRAINT; Schema: public; Owner: postgres
--

ALTER TABLE ONLY public.app_macky_vote
    ADD CONSTRAINT app_macky_vote_user_id_49f3861c_fk_auth_user_id FOREIGN KEY (user_id) REFERENCES public.auth_user(id) DEFERRABLE INITIALLY DEFERRED;


--
-- Name: auth_group_permissions auth_group_permissio_permission_id_84c5c92e_fk_auth_perm; Type: FK CONSTRAINT; Schema: public; Owner: postgres
--

ALTER TABLE ONLY public.auth_group_permissions
    ADD CONSTRAINT auth_group_permissio_permission_id_84c5c92e_fk_auth_perm FOREIGN KEY (permission_id) REFERENCES public.auth_permission(id) DEFERRABLE INITIALLY DEFERRED;


--
-- Name: auth_group_permissions auth_group_permissions_group_id_b120cbf9_fk_auth_group_id; Type: FK CONSTRAINT; Schema: public; Owner: postgres
--

ALTER TABLE ONLY public.auth_group_permissions
    ADD CONSTRAINT auth_group_permissions_group_id_b120cbf9_fk_auth_group_id FOREIGN KEY (group_id) REFERENCES public.auth_group(id) DEFERRABLE INITIALLY DEFERRED;


--
-- Name: auth_permission auth_permission_content_type_id_2f476e4b_fk_django_co; Type: FK CONSTRAINT; Schema: public; Owner: postgres
--

ALTER TABLE ONLY public.auth_permission
    ADD CONSTRAINT auth_permission_content_type_id_2f476e4b_fk_django_co FOREIGN KEY (content_type_id) REFERENCES public.django_content_type(id) DEFERRABLE INITIALLY DEFERRED;


--
-- Name: auth_user_groups auth_user_groups_group_id_97559544_fk_auth_group_id; Type: FK CONSTRAINT; Schema: public; Owner: postgres
--

ALTER TABLE ONLY public.auth_user_groups
    ADD CONSTRAINT auth_user_groups_group_id_97559544_fk_auth_group_id FOREIGN KEY (group_id) REFERENCES public.auth_group(id) DEFERRABLE INITIALLY DEFERRED;


--
-- Name: auth_user_groups auth_user_groups_user_id_6a12ed8b_fk_auth_user_id; Type: FK CONSTRAINT; Schema: public; Owner: postgres
--

ALTER TABLE ONLY public.auth_user_groups
    ADD CONSTRAINT auth_user_groups_user_id_6a12ed8b_fk_auth_user_id FOREIGN KEY (user_id) REFERENCES public.auth_user(id) DEFERRABLE INITIALLY DEFERRED;


--
-- Name: auth_user_user_permissions auth_user_user_permi_permission_id_1fbb5f2c_fk_auth_perm; Type: FK CONSTRAINT; Schema: public; Owner: postgres
--

ALTER TABLE ONLY public.auth_user_user_permissions
    ADD CONSTRAINT auth_user_user_permi_permission_id_1fbb5f2c_fk_auth_perm FOREIGN KEY (permission_id) REFERENCES public.auth_permission(id) DEFERRABLE INITIALLY DEFERRED;


--
-- Name: auth_user_user_permissions auth_user_user_permissions_user_id_a95ead1b_fk_auth_user_id; Type: FK CONSTRAINT; Schema: public; Owner: postgres
--

ALTER TABLE ONLY public.auth_user_user_permissions
    ADD CONSTRAINT auth_user_user_permissions_user_id_a95ead1b_fk_auth_user_id FOREIGN KEY (user_id) REFERENCES public.auth_user(id) DEFERRABLE INITIALLY DEFERRED;


--
-- Name: django_admin_log django_admin_log_content_type_id_c4bce8eb_fk_django_co; Type: FK CONSTRAINT; Schema: public; Owner: postgres
--

ALTER TABLE ONLY public.django_admin_log
    ADD CONSTRAINT django_admin_log_content_type_id_c4bce8eb_fk_django_co FOREIGN KEY (content_type_id) REFERENCES public.django_content_type(id) DEFERRABLE INITIALLY DEFERRED;


--
-- Name: django_admin_log django_admin_log_user_id_c564eba6_fk_auth_user_id; Type: FK CONSTRAINT; Schema: public; Owner: postgres
--

ALTER TABLE ONLY public.django_admin_log
    ADD CONSTRAINT django_admin_log_user_id_c564eba6_fk_auth_user_id FOREIGN KEY (user_id) REFERENCES public.auth_user(id) DEFERRABLE INITIALLY DEFERRED;


--
-- PostgreSQL database dump complete
--

