--
-- PostgreSQL database dump
--

-- Dumped from database version 14.10 (Ubuntu 14.10-0ubuntu0.22.04.1)
-- Dumped by pg_dump version 14.10 (Ubuntu 14.10-0ubuntu0.22.04.1)

SET statement_timeout = 0;
SET lock_timeout = 0;
SET idle_in_transaction_session_timeout = 0;
SET client_encoding = 'UTF8';
SET standard_conforming_strings = on;
SELECT pg_catalog.set_config('search_path', '', false);
SET check_function_bodies = false;
SET xmloption = content;
SET client_min_messages = warning;
SET row_security = off;

SET default_tablespace = '';

SET default_table_access_method = heap;

--
-- Name: app_macky_attribute; Type: TABLE; Schema: public; Owner: postgres
--

CREATE TABLE public.app_macky_attribute (
    id bigint NOT NULL,
    name character varying(255) NOT NULL,
    type character varying(100) NOT NULL,
    created_at timestamp with time zone NOT NULL,
    updated_at timestamp with time zone NOT NULL
);


ALTER TABLE public.app_macky_attribute OWNER TO postgres;

--
-- Name: app_macky_attribute_id_seq; Type: SEQUENCE; Schema: public; Owner: postgres
--

ALTER TABLE public.app_macky_attribute ALTER COLUMN id ADD GENERATED BY DEFAULT AS IDENTITY (
    SEQUENCE NAME public.app_macky_attribute_id_seq
    START WITH 1
    INCREMENT BY 1
    NO MINVALUE
    NO MAXVALUE
    CACHE 1
);


--
-- Name: app_macky_form; Type: TABLE; Schema: public; Owner: postgres
--

CREATE TABLE public.app_macky_form (
    id bigint NOT NULL,
    form_name character varying(255) NOT NULL,
    created_at timestamp with time zone NOT NULL,
    updated_at timestamp with time zone NOT NULL,
    included_in_gallery boolean NOT NULL
);


ALTER TABLE public.app_macky_form OWNER TO postgres;

--
-- Name: app_macky_form_id_seq; Type: SEQUENCE; Schema: public; Owner: postgres
--

ALTER TABLE public.app_macky_form ALTER COLUMN id ADD GENERATED BY DEFAULT AS IDENTITY (
    SEQUENCE NAME public.app_macky_form_id_seq
    START WITH 1
    INCREMENT BY 1
    NO MINVALUE
    NO MAXVALUE
    CACHE 1
);


--
-- Name: app_macky_formattribute; Type: TABLE; Schema: public; Owner: postgres
--

CREATE TABLE public.app_macky_formattribute (
    id bigint NOT NULL,
    attribute_id bigint NOT NULL,
    form_id bigint NOT NULL,
    display_in_gallery boolean NOT NULL,
    created_at timestamp with time zone NOT NULL,
    updated_at timestamp with time zone NOT NULL,
    required boolean NOT NULL
);


ALTER TABLE public.app_macky_formattribute OWNER TO postgres;

--
-- Name: app_macky_formattribute_id_seq; Type: SEQUENCE; Schema: public; Owner: postgres
--

ALTER TABLE public.app_macky_formattribute ALTER COLUMN id ADD GENERATED BY DEFAULT AS IDENTITY (
    SEQUENCE NAME public.app_macky_formattribute_id_seq
    START WITH 1
    INCREMENT BY 1
    NO MINVALUE
    NO MAXVALUE
    CACHE 1
);


--
-- Name: app_macky_formattributedata; Type: TABLE; Schema: public; Owner: postgres
--

CREATE TABLE public.app_macky_formattributedata (
    id bigint NOT NULL,
    value character varying(255),
    form_attribute_id bigint NOT NULL,
    record_id bigint,
    created_at timestamp with time zone NOT NULL,
    updated_at timestamp with time zone NOT NULL
);


ALTER TABLE public.app_macky_formattributedata OWNER TO postgres;

--
-- Name: app_macky_formattributedata_id_seq; Type: SEQUENCE; Schema: public; Owner: postgres
--

ALTER TABLE public.app_macky_formattributedata ALTER COLUMN id ADD GENERATED BY DEFAULT AS IDENTITY (
    SEQUENCE NAME public.app_macky_formattributedata_id_seq
    START WITH 1
    INCREMENT BY 1
    NO MINVALUE
    NO MAXVALUE
    CACHE 1
);


--
-- Name: app_macky_gallery; Type: TABLE; Schema: public; Owner: postgres
--

CREATE TABLE public.app_macky_gallery (
    id bigint NOT NULL,
    created_at timestamp with time zone NOT NULL,
    updated_at timestamp with time zone NOT NULL,
    form_id bigint NOT NULL,
    gallery_name character varying(255) NOT NULL
);


ALTER TABLE public.app_macky_gallery OWNER TO postgres;

--
-- Name: app_macky_gallery_id_seq; Type: SEQUENCE; Schema: public; Owner: postgres
--

ALTER TABLE public.app_macky_gallery ALTER COLUMN id ADD GENERATED BY DEFAULT AS IDENTITY (
    SEQUENCE NAME public.app_macky_gallery_id_seq
    START WITH 1
    INCREMENT BY 1
    NO MINVALUE
    NO MAXVALUE
    CACHE 1
);


--
-- Name: app_macky_record; Type: TABLE; Schema: public; Owner: postgres
--

CREATE TABLE public.app_macky_record (
    id bigint NOT NULL,
    created_at timestamp with time zone NOT NULL,
    updated_at timestamp with time zone NOT NULL,
    user_id integer,
    description text NOT NULL
);


ALTER TABLE public.app_macky_record OWNER TO postgres;

--
-- Name: app_macky_record_id_seq; Type: SEQUENCE; Schema: public; Owner: postgres
--

ALTER TABLE public.app_macky_record ALTER COLUMN id ADD GENERATED BY DEFAULT AS IDENTITY (
    SEQUENCE NAME public.app_macky_record_id_seq
    START WITH 1
    INCREMENT BY 1
    NO MINVALUE
    NO MAXVALUE
    CACHE 1
);


--
-- Name: app_macky_recordcomment; Type: TABLE; Schema: public; Owner: postgres
--

CREATE TABLE public.app_macky_recordcomment (
    id bigint NOT NULL,
    comment text NOT NULL,
    created_at timestamp with time zone NOT NULL,
    record_id bigint,
    user_id integer,
    updated_at timestamp with time zone NOT NULL,
    aproved_by_admin boolean NOT NULL
);


ALTER TABLE public.app_macky_recordcomment OWNER TO postgres;

--
-- Name: app_macky_recordcomment_id_seq; Type: SEQUENCE; Schema: public; Owner: postgres
--

ALTER TABLE public.app_macky_recordcomment ALTER COLUMN id ADD GENERATED BY DEFAULT AS IDENTITY (
    SEQUENCE NAME public.app_macky_recordcomment_id_seq
    START WITH 1
    INCREMENT BY 1
    NO MINVALUE
    NO MAXVALUE
    CACHE 1
);


--
-- Name: app_macky_vote; Type: TABLE; Schema: public; Owner: postgres
--

CREATE TABLE public.app_macky_vote (
    id bigint NOT NULL,
    created_at timestamp with time zone NOT NULL,
    updated_at timestamp with time zone NOT NULL,
    vote_type character varying(10) NOT NULL,
    record_id bigint NOT NULL,
    user_id integer NOT NULL
);


ALTER TABLE public.app_macky_vote OWNER TO postgres;

--
-- Name: app_macky_vote_id_seq; Type: SEQUENCE; Schema: public; Owner: postgres
--

ALTER TABLE public.app_macky_vote ALTER COLUMN id ADD GENERATED BY DEFAULT AS IDENTITY (
    SEQUENCE NAME public.app_macky_vote_id_seq
    START WITH 1
    INCREMENT BY 1
    NO MINVALUE
    NO MAXVALUE
    CACHE 1
);


--
-- Name: auth_group; Type: TABLE; Schema: public; Owner: postgres
--

CREATE TABLE public.auth_group (
    id integer NOT NULL,
    name character varying(150) NOT NULL
);


ALTER TABLE public.auth_group OWNER TO postgres;

--
-- Name: auth_group_id_seq; Type: SEQUENCE; Schema: public; Owner: postgres
--

ALTER TABLE public.auth_group ALTER COLUMN id ADD GENERATED BY DEFAULT AS IDENTITY (
    SEQUENCE NAME public.auth_group_id_seq
    START WITH 1
    INCREMENT BY 1
    NO MINVALUE
    NO MAXVALUE
    CACHE 1
);


--
-- Name: auth_group_permissions; Type: TABLE; Schema: public; Owner: postgres
--

CREATE TABLE public.auth_group_permissions (
    id bigint NOT NULL,
    group_id integer NOT NULL,
    permission_id integer NOT NULL
);


ALTER TABLE public.auth_group_permissions OWNER TO postgres;

--
-- Name: auth_group_permissions_id_seq; Type: SEQUENCE; Schema: public; Owner: postgres
--

ALTER TABLE public.auth_group_permissions ALTER COLUMN id ADD GENERATED BY DEFAULT AS IDENTITY (
    SEQUENCE NAME public.auth_group_permissions_id_seq
    START WITH 1
    INCREMENT BY 1
    NO MINVALUE
    NO MAXVALUE
    CACHE 1
);


--
-- Name: auth_permission; Type: TABLE; Schema: public; Owner: postgres
--

CREATE TABLE public.auth_permission (
    id integer NOT NULL,
    name character varying(255) NOT NULL,
    content_type_id integer NOT NULL,
    codename character varying(100) NOT NULL
);


ALTER TABLE public.auth_permission OWNER TO postgres;

--
-- Name: auth_permission_id_seq; Type: SEQUENCE; Schema: public; Owner: postgres
--

ALTER TABLE public.auth_permission ALTER COLUMN id ADD GENERATED BY DEFAULT AS IDENTITY (
    SEQUENCE NAME public.auth_permission_id_seq
    START WITH 1
    INCREMENT BY 1
    NO MINVALUE
    NO MAXVALUE
    CACHE 1
);


--
-- Name: auth_user; Type: TABLE; Schema: public; Owner: postgres
--

CREATE TABLE public.auth_user (
    id integer NOT NULL,
    password character varying(128) NOT NULL,
    last_login timestamp with time zone,
    is_superuser boolean NOT NULL,
    username character varying(150) NOT NULL,
    first_name character varying(150) NOT NULL,
    last_name character varying(150) NOT NULL,
    email character varying(254) NOT NULL,
    is_staff boolean NOT NULL,
    is_active boolean NOT NULL,
    date_joined timestamp with time zone NOT NULL
);


ALTER TABLE public.auth_user OWNER TO postgres;

--
-- Name: auth_user_groups; Type: TABLE; Schema: public; Owner: postgres
--

CREATE TABLE public.auth_user_groups (
    id bigint NOT NULL,
    user_id integer NOT NULL,
    group_id integer NOT NULL
);


ALTER TABLE public.auth_user_groups OWNER TO postgres;

--
-- Name: auth_user_groups_id_seq; Type: SEQUENCE; Schema: public; Owner: postgres
--

ALTER TABLE public.auth_user_groups ALTER COLUMN id ADD GENERATED BY DEFAULT AS IDENTITY (
    SEQUENCE NAME public.auth_user_groups_id_seq
    START WITH 1
    INCREMENT BY 1
    NO MINVALUE
    NO MAXVALUE
    CACHE 1
);


--
-- Name: auth_user_id_seq; Type: SEQUENCE; Schema: public; Owner: postgres
--

ALTER TABLE public.auth_user ALTER COLUMN id ADD GENERATED BY DEFAULT AS IDENTITY (
    SEQUENCE NAME public.auth_user_id_seq
    START WITH 1
    INCREMENT BY 1
    NO MINVALUE
    NO MAXVALUE
    CACHE 1
);


--
-- Name: auth_user_user_permissions; Type: TABLE; Schema: public; Owner: postgres
--

CREATE TABLE public.auth_user_user_permissions (
    id bigint NOT NULL,
    user_id integer NOT NULL,
    permission_id integer NOT NULL
);


ALTER TABLE public.auth_user_user_permissions OWNER TO postgres;

--
-- Name: auth_user_user_permissions_id_seq; Type: SEQUENCE; Schema: public; Owner: postgres
--

ALTER TABLE public.auth_user_user_permissions ALTER COLUMN id ADD GENERATED BY DEFAULT AS IDENTITY (
    SEQUENCE NAME public.auth_user_user_permissions_id_seq
    START WITH 1
    INCREMENT BY 1
    NO MINVALUE
    NO MAXVALUE
    CACHE 1
);


--
-- Name: django_admin_log; Type: TABLE; Schema: public; Owner: postgres
--

CREATE TABLE public.django_admin_log (
    id integer NOT NULL,
    action_time timestamp with time zone NOT NULL,
    object_id text,
    object_repr character varying(200) NOT NULL,
    action_flag smallint NOT NULL,
    change_message text NOT NULL,
    content_type_id integer,
    user_id integer NOT NULL,
    CONSTRAINT django_admin_log_action_flag_check CHECK ((action_flag >= 0))
);


ALTER TABLE public.django_admin_log OWNER TO postgres;

--
-- Name: django_admin_log_id_seq; Type: SEQUENCE; Schema: public; Owner: postgres
--

ALTER TABLE public.django_admin_log ALTER COLUMN id ADD GENERATED BY DEFAULT AS IDENTITY (
    SEQUENCE NAME public.django_admin_log_id_seq
    START WITH 1
    INCREMENT BY 1
    NO MINVALUE
    NO MAXVALUE
    CACHE 1
);


--
-- Name: django_content_type; Type: TABLE; Schema: public; Owner: postgres
--

CREATE TABLE public.django_content_type (
    id integer NOT NULL,
    app_label character varying(100) NOT NULL,
    model character varying(100) NOT NULL
);


ALTER TABLE public.django_content_type OWNER TO postgres;

--
-- Name: django_content_type_id_seq; Type: SEQUENCE; Schema: public; Owner: postgres
--

ALTER TABLE public.django_content_type ALTER COLUMN id ADD GENERATED BY DEFAULT AS IDENTITY (
    SEQUENCE NAME public.django_content_type_id_seq
    START WITH 1
    INCREMENT BY 1
    NO MINVALUE
    NO MAXVALUE
    CACHE 1
);


--
-- Name: django_migrations; Type: TABLE; Schema: public; Owner: postgres
--

CREATE TABLE public.django_migrations (
    id bigint NOT NULL,
    app character varying(255) NOT NULL,
    name character varying(255) NOT NULL,
    applied timestamp with time zone NOT NULL
);


ALTER TABLE public.django_migrations OWNER TO postgres;

--
-- Name: django_migrations_id_seq; Type: SEQUENCE; Schema: public; Owner: postgres
--

ALTER TABLE public.django_migrations ALTER COLUMN id ADD GENERATED BY DEFAULT AS IDENTITY (
    SEQUENCE NAME public.django_migrations_id_seq
    START WITH 1
    INCREMENT BY 1
    NO MINVALUE
    NO MAXVALUE
    CACHE 1
);


--
-- Name: django_session; Type: TABLE; Schema: public; Owner: postgres
--

CREATE TABLE public.django_session (
    session_key character varying(40) NOT NULL,
    session_data text NOT NULL,
    expire_date timestamp with time zone NOT NULL
);


ALTER TABLE public.django_session OWNER TO postgres;

--
-- Data for Name: app_macky_attribute; Type: TABLE DATA; Schema: public; Owner: postgres
--

COPY public.app_macky_attribute (id, name, type, created_at, updated_at) FROM stdin;
1	image_front	image_url	2023-11-04 19:42:13.606785+01	2023-11-20 18:53:11.896816+01
2	age	int	2023-11-04 19:42:18.568919+01	2023-11-20 18:53:11.896816+01
4	x	yyy	2023-11-04 19:42:30.051771+01	2023-11-20 18:53:11.896816+01
5	in_out	bool	2023-11-04 21:16:31.156549+01	2023-11-20 18:53:11.896816+01
6	height	int	2023-11-04 21:16:55.48364+01	2023-11-20 18:53:11.896816+01
7	weight	int	2023-11-04 21:17:01.498853+01	2023-11-20 18:53:11.896816+01
8	colour	char	2023-11-04 21:17:16.309128+01	2023-11-20 18:53:11.896816+01
\.


--
-- Data for Name: app_macky_form; Type: TABLE DATA; Schema: public; Owner: postgres
--

COPY public.app_macky_form (id, form_name, created_at, updated_at, included_in_gallery) FROM stdin;
6	r2	2023-11-07 18:04:30.430108+01	2023-11-15 20:50:45.242256+01	t
8	cat_nonamed	2023-11-08 20:08:48.148077+01	2023-11-15 20:46:22.348428+01	t
5	random_form_u	2023-11-07 17:51:45.650578+01	2023-11-19 12:37:40.819543+01	t
15	ranjkldsnafjkhsadjfhjklsadhfjkads	2023-11-12 20:24:38.763023+01	2023-11-12 20:24:49.927535+01	f
7	r3_uu	2023-11-07 18:08:07.240357+01	2023-11-15 20:42:50.207687+01	f
14	ranodmmsadlfjsakkkk	2023-11-08 20:20:18.130373+01	2023-11-19 12:37:33.99525+01	t
\.


--
-- Data for Name: app_macky_formattribute; Type: TABLE DATA; Schema: public; Owner: postgres
--

COPY public.app_macky_formattribute (id, attribute_id, form_id, display_in_gallery, created_at, updated_at, required) FROM stdin;
21	4	7	f	2023-11-20 18:53:11.907241+01	2023-11-20 18:53:11.911207+01	t
25	6	7	f	2023-11-20 18:53:11.907241+01	2023-11-20 18:53:11.911207+01	t
84	1	6	t	2023-11-29 21:12:21.452072+01	2023-11-29 21:12:21.452086+01	t
22	2	7	f	2023-11-20 18:53:11.907241+01	2023-11-20 18:53:11.911207+01	t
23	8	7	f	2023-11-20 18:53:11.907241+01	2023-11-20 18:53:11.911207+01	t
24	1	7	f	2023-11-20 18:53:11.907241+01	2023-11-20 18:53:11.911207+01	t
55	7	15	f	2023-11-20 18:53:11.907241+01	2023-11-20 18:53:11.911207+01	t
56	5	15	f	2023-11-20 18:53:11.907241+01	2023-11-20 18:53:11.911207+01	t
57	6	15	f	2023-11-20 18:53:11.907241+01	2023-11-20 18:53:11.911207+01	t
41	5	14	f	2023-11-20 18:53:11.907241+01	2023-11-20 18:53:11.911207+01	t
85	2	6	t	2023-11-29 21:12:21.458168+01	2023-11-29 21:12:21.458186+01	t
86	4	6	t	2023-11-29 21:12:21.465049+01	2023-11-29 21:12:21.465063+01	f
39	1	14	t	2023-11-20 18:53:11.907241+01	2023-11-20 18:53:11.911207+01	t
40	4	14	t	2023-11-20 18:53:11.907241+01	2023-11-20 18:53:11.911207+01	t
42	6	14	t	2023-11-20 18:53:11.907241+01	2023-11-20 18:53:11.911207+01	t
43	8	14	t	2023-11-20 18:53:11.907241+01	2023-11-20 18:53:11.911207+01	t
44	7	14	t	2023-11-20 18:53:11.907241+01	2023-11-20 18:53:11.911207+01	t
63	4	8	f	2023-11-20 18:55:26.781564+01	2023-11-20 18:55:26.78159+01	t
61	5	8	t	2023-11-20 18:55:26.772879+01	2023-11-20 18:55:26.772894+01	t
62	6	8	t	2023-11-20 18:55:26.777057+01	2023-11-20 18:55:26.777071+01	t
64	5	5	f	2023-11-29 19:28:14.080051+01	2023-11-29 19:28:14.080062+01	t
67	4	5	f	2023-11-29 19:28:14.095586+01	2023-11-29 19:28:14.095595+01	t
65	6	5	t	2023-11-29 19:28:14.086782+01	2023-11-29 19:28:14.086792+01	t
66	7	5	t	2023-11-29 19:28:14.092174+01	2023-11-29 19:28:14.092183+01	t
\.


--
-- Data for Name: app_macky_formattributedata; Type: TABLE DATA; Schema: public; Owner: postgres
--

COPY public.app_macky_formattributedata (id, value, form_attribute_id, record_id, created_at, updated_at) FROM stdin;
1	sdafhl	21	1	2023-11-20 18:53:11.915736+01	2023-11-20 18:53:11.921544+01
2	3	22	1	2023-11-20 18:53:11.915736+01	2023-11-20 18:53:11.921544+01
3	ka	23	1	2023-11-20 18:53:11.915736+01	2023-11-20 18:53:11.921544+01
4		24	1	2023-11-20 18:53:11.915736+01	2023-11-20 18:53:11.921544+01
5	42	25	1	2023-11-20 18:53:11.915736+01	2023-11-20 18:53:11.921544+01
6	sdafhl	21	2	2023-11-20 18:53:11.915736+01	2023-11-20 18:53:11.921544+01
7	3	22	2	2023-11-20 18:53:11.915736+01	2023-11-20 18:53:11.921544+01
8	ka	23	2	2023-11-20 18:53:11.915736+01	2023-11-20 18:53:11.921544+01
9		24	2	2023-11-20 18:53:11.915736+01	2023-11-20 18:53:11.921544+01
10	42	25	2	2023-11-20 18:53:11.915736+01	2023-11-20 18:53:11.921544+01
11	sdafhl	21	3	2023-11-20 18:53:11.915736+01	2023-11-20 18:53:11.921544+01
12	3	22	3	2023-11-20 18:53:11.915736+01	2023-11-20 18:53:11.921544+01
13	ka	23	3	2023-11-20 18:53:11.915736+01	2023-11-20 18:53:11.921544+01
14		24	3	2023-11-20 18:53:11.915736+01	2023-11-20 18:53:11.921544+01
15	42	25	3	2023-11-20 18:53:11.915736+01	2023-11-20 18:53:11.921544+01
16	sdafhl	21	4	2023-11-20 18:53:11.915736+01	2023-11-20 18:53:11.921544+01
17	3	22	4	2023-11-20 18:53:11.915736+01	2023-11-20 18:53:11.921544+01
18	ka	23	4	2023-11-20 18:53:11.915736+01	2023-11-20 18:53:11.921544+01
19		24	4	2023-11-20 18:53:11.915736+01	2023-11-20 18:53:11.921544+01
20	42	25	4	2023-11-20 18:53:11.915736+01	2023-11-20 18:53:11.921544+01
21	sdafhl	21	5	2023-11-20 18:53:11.915736+01	2023-11-20 18:53:11.921544+01
22	3	22	5	2023-11-20 18:53:11.915736+01	2023-11-20 18:53:11.921544+01
23	ka	23	5	2023-11-20 18:53:11.915736+01	2023-11-20 18:53:11.921544+01
24		24	5	2023-11-20 18:53:11.915736+01	2023-11-20 18:53:11.921544+01
25	42	25	5	2023-11-20 18:53:11.915736+01	2023-11-20 18:53:11.921544+01
156	bbb	61	32	2023-11-22 22:37:47.546751+01	2023-11-22 22:37:47.546761+01
157	bb	62	32	2023-11-22 22:37:47.550534+01	2023-11-22 22:37:47.550542+01
190	g	41	39	2023-11-26 19:49:47.374499+01	2023-11-26 19:49:47.374516+01
191	g	40	39	2023-11-26 19:49:47.385097+01	2023-11-26 19:49:47.385111+01
192	g	42	39	2023-11-26 19:49:47.393155+01	2023-11-26 19:49:47.393172+01
193	g	43	39	2023-11-26 19:49:47.40307+01	2023-11-26 19:49:47.403084+01
194	g	44	39	2023-11-26 19:49:47.411755+01	2023-11-26 19:49:47.411771+01
195	/media/sources_page.png	39	39	2023-11-26 19:49:47.423227+01	2023-11-26 19:49:47.423244+01
199	ghj	85	43	2023-11-29 21:21:47.628078+01	2023-11-29 21:21:47.628089+01
200	gjkgj	86	43	2023-11-29 21:21:47.63789+01	2023-11-29 21:21:47.637901+01
204	True	41	45	2023-12-03 20:52:31.730613+01	2023-12-03 20:52:31.730624+01
205	15	40	45	2023-12-03 20:52:31.740042+01	2023-12-03 20:52:31.740052+01
206	513	42	45	2023-12-03 20:52:31.747564+01	2023-12-03 20:52:31.747575+01
207	blue	43	45	2023-12-03 20:52:31.754782+01	2023-12-03 20:52:31.754793+01
208	123	44	45	2023-12-03 20:52:31.76174+01	2023-12-03 20:52:31.761751+01
209	/media/admin_pouzivatelia2.png	39	45	2023-12-03 20:52:31.770254+01	2023-12-03 20:52:31.770265+01
90	t	43	19	2023-11-20 21:04:02.650522+01	2023-11-20 21:04:02.650529+01
91	t	40	19	2023-11-20 21:04:02.653402+01	2023-11-20 21:04:02.653409+01
92	t	42	19	2023-11-20 21:04:02.656278+01	2023-11-20 21:04:02.656285+01
93	t	44	19	2023-11-20 21:04:02.659138+01	2023-11-20 21:04:02.659145+01
183	h	44	37	2023-11-24 18:56:50.56021+01	2023-11-24 18:56:50.560226+01
184	/media/atom.jpeg	39	37	2023-11-24 18:56:50.567666+01	2023-11-24 18:56:50.567679+01
210	5	64	46	2024-04-29 20:53:56.234833+02	2024-04-29 20:53:56.234849+02
152	q	42	31	2023-11-22 21:49:34.291026+01	2023-11-22 21:49:34.291039+01
153	q	43	31	2023-11-22 21:49:34.296935+01	2023-11-22 21:49:34.296945+01
154	q	44	31	2023-11-22 21:49:34.302547+01	2023-11-22 21:49:34.30256+01
155	/media/math3.png	39	31	2023-11-22 21:49:34.309245+01	2023-11-22 21:49:34.309259+01
151	q	40	31	2023-11-22 21:49:34.285134+01	2023-11-22 21:49:34.285147+01
150	q	41	31	2023-11-22 21:49:34.279132+01	2023-11-22 21:49:34.279147+01
158	b	63	32	2023-11-22 22:37:47.555389+01	2023-11-22 22:37:47.555396+01
79	i	41	17	2023-11-20 21:00:52.783289+01	2023-11-20 21:00:52.783296+01
80	i	43	17	2023-11-20 21:00:52.786889+01	2023-11-20 21:00:52.786895+01
81	i	40	17	2023-11-20 21:00:52.790157+01	2023-11-20 21:00:52.790163+01
82	i	42	17	2023-11-20 21:00:52.793355+01	2023-11-20 21:00:52.793362+01
83	i	44	17	2023-11-20 21:00:52.798754+01	2023-11-20 21:00:52.798768+01
180	hjksahfjkls	40	37	2023-11-24 18:56:50.54031+01	2023-11-24 18:56:50.540322+01
181	h	42	37	2023-11-24 18:56:50.54755+01	2023-11-24 18:56:50.547563+01
182	h	43	37	2023-11-24 18:56:50.553915+01	2023-11-24 18:56:50.553927+01
89	t	41	19	2023-11-20 21:04:02.646891+01	2023-11-20 21:04:02.646898+01
211	5	67	46	2024-04-29 20:53:56.245317+02	2024-04-29 20:53:56.245332+02
212	5	65	46	2024-04-29 20:53:56.252514+02	2024-04-29 20:53:56.252528+02
213	5	66	46	2024-04-29 20:53:56.261283+02	2024-04-29 20:53:56.261299+02
161	zz	41	34	2023-11-24 14:19:32.852196+01	2023-11-24 14:19:32.852205+01
162	z	40	34	2023-11-24 14:19:32.860952+01	2023-11-24 14:19:32.86096+01
163	z	42	34	2023-11-24 14:19:32.863862+01	2023-11-24 14:19:32.863869+01
164	z	43	34	2023-11-24 14:19:32.866581+01	2023-11-24 14:19:32.866587+01
165	z	44	34	2023-11-24 14:19:32.870055+01	2023-11-24 14:19:32.870062+01
166	/media/vlaky.png	39	34	2023-11-24 14:19:32.874993+01	2023-11-24 14:19:32.875005+01
173	t	41	36	2023-11-24 18:56:39.908437+01	2023-11-24 18:56:39.908451+01
179	h	41	37	2023-11-24 18:56:50.533672+01	2023-11-24 18:56:50.533684+01
174	t	40	36	2023-11-24 18:56:39.913737+01	2023-11-24 18:56:39.913747+01
185	h	21	38	2023-11-25 21:18:14.927403+01	2023-11-25 21:18:14.927416+01
186	h	25	38	2023-11-25 21:18:14.935909+01	2023-11-25 21:18:14.935921+01
187	h	22	38	2023-11-25 21:18:14.943344+01	2023-11-25 21:18:14.943357+01
188	h	23	38	2023-11-25 21:18:14.950398+01	2023-11-25 21:18:14.950407+01
189	/media/kosik_doprava_platba2.png	24	38	2023-11-25 21:18:14.958637+01	2023-11-25 21:18:14.958647+01
175	t	42	36	2023-11-24 18:56:39.918828+01	2023-11-24 18:56:39.918838+01
176	t	43	36	2023-11-24 18:56:39.92396+01	2023-11-24 18:56:39.92397+01
177	t	44	36	2023-11-24 18:56:39.929748+01	2023-11-24 18:56:39.929755+01
178	/media/kosik_doprava_platba.png	39	36	2023-11-24 18:56:39.934083+01	2023-11-24 18:56:39.934089+01
\.


--
-- Data for Name: app_macky_gallery; Type: TABLE DATA; Schema: public; Owner: postgres
--

COPY public.app_macky_gallery (id, created_at, updated_at, form_id, gallery_name) FROM stdin;
21	2023-11-15 21:18:12.380698+01	2023-11-19 12:37:33.996984+01	14	random_form_sakkk
23	2023-11-29 21:22:19.041783+01	2023-11-29 21:22:19.041798+01	6	r2_gal
22	2023-11-20 18:54:51.87735+01	2023-11-20 18:54:51.877364+01	8	nonamed_cat_galery
20	2023-11-15 21:11:26.4037+01	2023-11-19 12:37:40.825289+01	5	random_form_u
\.


--
-- Data for Name: app_macky_record; Type: TABLE DATA; Schema: public; Owner: postgres
--

COPY public.app_macky_record (id, created_at, updated_at, user_id, description) FROM stdin;
1	2023-11-12 20:37:27.526985+01	2023-11-12 20:37:27.527017+01	2	
2	2023-11-12 20:40:31.167463+01	2023-11-12 20:40:31.167485+01	2	
3	2023-11-12 20:41:08.581925+01	2023-11-12 20:41:08.581957+01	2	
4	2023-11-12 20:41:16.429385+01	2023-11-12 20:41:16.429421+01	2	
5	2023-11-12 20:42:10.894759+01	2023-11-12 20:42:10.894797+01	2	
42	2023-11-29 21:20:05.196022+01	2023-11-29 21:20:05.196038+01	1	jkhjkh
43	2023-11-29 21:21:47.613941+01	2023-11-29 21:21:47.613954+01	1	jkhjkh
45	2023-12-03 20:52:31.714176+01	2023-12-03 20:52:31.714192+01	16	ljasdhfjkashkjflhsj fkjsal hfjksadh fjkadshjfsadhjkf hdsajkhf jklsadh fjksadh fkjsad klf sajhfjksahf,.ljasdhfjkashkjflhsj fkjsal hfjksadh fjkadshjfsadhjkf hdsajkhf jklsadh fjksadh fkjsad klf sajhfjksahfljasdhfjkashkjflhsj fkjsal hfjksadh fjkadshjfsadhjkf hdsajkhf jklsadh fjksadh fkjsad klf sajhfjksahfljasdhfjkashkjflhsj fkjsal hfjksadh fjkadshjfsadhjkf hdsajkhf jklsadh fjksadh fkjsad klf sajhfjksahfljasdhfjkashkjflhsj fkjsal hfjksadh fjkadshjfsadhjkf hdsajkhf jklsadh fjksadh fkjsad klf sajhfjksahfljasdhfjkashkjflhsj fkjsal hfjksadh fjkadshjfsadhjkf hdsajkhf jklsadh fjksadh fkjsad klf sajhfjksahf
19	2023-11-20 21:04:02.640267+01	2023-11-20 21:04:02.640275+01	1	jkashflkjhsadjkfhjadshfjkasfhsadk
31	2023-11-22 21:49:34.27176+01	2023-11-22 21:49:34.271773+01	1	halabala - saldjhfljksa\r\nsadf jlsdahf äs\r\nsdfsdf\r\nsdfsdfasdhfjlkadsh jkfadsjlk hflasdh kjfladsf.
17	2023-11-20 21:00:52.776822+01	2023-11-20 21:00:52.776836+01	1	ahdfjklads
37	2023-11-24 18:56:50.525035+01	2023-11-24 18:56:50.525048+01	1	jkahsdfjkadshljkfhsajklf\r\n\r\nsafs\r\nadf\r\nsdf\r\nds\r\nfsadfsad\r\nfads\r\nf\r\nds\r\n\r\n\r\nsadfkadsjfkljhadsk
46	2024-04-29 20:53:56.219569+02	2024-04-29 20:53:56.219584+02	1	hhhhhhhhhhhhhhhhhhh
38	2023-11-25 21:18:14.916831+01	2023-11-25 21:18:14.916844+01	1	ljsadh
34	2023-11-24 14:19:32.847827+01	2023-11-24 14:19:32.847838+01	1	random descr.
36	2023-11-24 18:56:39.901964+01	2023-11-24 18:56:39.901977+01	1	sjldfôs alf
32	2023-11-22 22:37:47.543025+01	2023-11-22 22:37:47.543031+01	16	hahjskdfhl
39	2023-11-26 19:49:47.362059+01	2023-11-26 19:49:47.362079+01	16	
40	2023-11-26 20:01:18.109594+01	2023-11-26 20:01:18.109604+01	1	
\.


--
-- Data for Name: app_macky_recordcomment; Type: TABLE DATA; Schema: public; Owner: postgres
--

COPY public.app_macky_recordcomment (id, comment, created_at, record_id, user_id, updated_at, aproved_by_admin) FROM stdin;
1	sjkalhfjksd sjdakhf sdjaf jkdsahf ldsf ljdsnbaf j.	2023-11-12 20:41:16.47334+01	4	2	2023-11-20 18:53:11.926962+01	t
2	sjkalhfjksd sjdakhf sdjaf jkdsahf ldsf ljdsnbaf j.	2023-11-12 20:42:10.936713+01	5	2	2023-11-20 18:53:11.926962+01	t
57	my comment	2023-11-26 14:37:19.552544+01	32	\N	2023-11-26 14:37:19.552559+01	t
58	me anonym commented	2023-11-26 19:17:13.752807+01	32	\N	2023-11-26 19:17:13.752818+01	t
61	ghgkkj	2023-11-26 19:49:47.427448+01	39	16	2023-11-26 19:49:47.427463+01	t
24	ttt	2023-11-20 21:04:02.660982+01	19	1	2023-11-20 21:04:02.660989+01	t
65	jhghjgkj	2023-11-29 21:21:47.640434+01	43	1	2023-11-29 21:21:47.640445+01	t
31	qqq	2023-11-22 21:49:34.311751+01	31	1	2023-11-22 21:49:34.311761+01	t
67	sjdaklfhsjkhfjksadlhfaskfdljdsh  hf jksdafjkl sdjaklf sadlf kjs ahlfsd.	2023-12-03 20:52:31.773232+01	45	16	2023-12-03 20:52:31.773246+01	t
59	not paappppaaaa	2023-11-26 19:31:41.513441+01	32	\N	2023-11-26 19:31:41.513454+01	f
68	jkasdhfjkads	2024-01-10 13:20:14.73216+01	45	\N	2024-01-10 13:20:14.732177+01	f
69	halabala	2024-03-05 21:42:31.135153+01	17	1	2024-03-05 21:42:31.135167+01	t
70	iii	2024-03-05 21:42:51.436188+01	17	1	2024-03-05 21:42:51.436201+01	t
71	ashdfjklhsadjkfhlkajshdfjklsd	2024-03-05 22:02:40.446512+01	34	\N	2024-03-05 22:02:40.446526+01	f
72	sadhfjklasdhjf	2024-03-06 14:11:50.832734+01	42	\N	2024-03-06 14:11:50.83275+01	f
48	hjahsdfjklsaf	2023-11-24 18:56:50.570003+01	37	1	2023-11-24 18:56:50.570014+01	t
73	M comment	2024-04-28 21:22:31.73241+02	31	\N	2024-04-28 21:22:31.732429+02	f
74	5sjkfhjasdklf	2024-04-29 20:53:56.264154+02	46	1	2024-04-29 20:53:56.264169+02	t
47	ttt	2023-11-24 18:56:39.935684+01	36	1	2023-11-24 18:56:39.935691+01	t
49	hhhh	2023-11-25 21:18:14.96147+01	38	1	2023-11-25 21:18:14.961481+01	t
50	jalfjskdsf alhlks	2023-11-25 21:53:37.381807+01	34	16	2023-11-25 21:53:37.381814+01	t
44	zzz	2023-11-24 14:19:32.876808+01	34	1	2023-11-24 14:19:32.876815+01	t
42	admin commented	2023-11-22 23:09:24.938763+01	32	1	2023-11-22 23:09:24.938781+01	t
\.


--
-- Data for Name: app_macky_vote; Type: TABLE DATA; Schema: public; Owner: postgres
--

COPY public.app_macky_vote (id, created_at, updated_at, vote_type, record_id, user_id) FROM stdin;
25	2023-11-22 21:02:18.728872+01	2023-11-22 21:02:18.728885+01	up	19	1
29	2023-11-24 19:10:13.609557+01	2023-11-24 19:10:13.60958+01	up	34	1
33	2023-11-25 21:50:21.361858+01	2023-11-25 21:50:21.361869+01	down	34	16
35	2023-11-26 20:31:32.138249+01	2023-11-26 20:31:32.138261+01	up	32	2
38	2023-12-03 20:45:04.547788+01	2023-12-03 20:45:04.5478+01	up	39	1
32	2023-11-25 21:21:20.515805+01	2023-11-25 21:21:20.515812+01	up	32	1
39	2023-12-05 22:48:16.913996+01	2023-12-05 22:48:16.914009+01	up	45	1
40	2023-12-05 23:19:03.726965+01	2023-12-05 23:19:03.72698+01	down	36	1
43	2024-01-04 21:23:09.129624+01	2024-01-04 21:23:09.129631+01	down	36	2
44	2024-01-04 21:23:17.441153+01	2024-01-04 21:23:17.44116+01	up	39	2
27	2023-11-22 21:16:55.104448+01	2023-11-22 21:16:55.10446+01	down	17	1
42	2024-01-04 21:23:06.168102+01	2024-01-04 21:23:06.168112+01	up	34	2
41	2024-01-04 21:22:57.2753+01	2024-01-04 21:22:57.275312+01	up	37	2
\.


--
-- Data for Name: auth_group; Type: TABLE DATA; Schema: public; Owner: postgres
--

COPY public.auth_group (id, name) FROM stdin;
1	prihlásený použivateľ
2	admin
3	posudzovateľ
\.


--
-- Data for Name: auth_group_permissions; Type: TABLE DATA; Schema: public; Owner: postgres
--

COPY public.auth_group_permissions (id, group_id, permission_id) FROM stdin;
\.


--
-- Data for Name: auth_permission; Type: TABLE DATA; Schema: public; Owner: postgres
--

COPY public.auth_permission (id, name, content_type_id, codename) FROM stdin;
1	Can add attribute	1	add_attribute
2	Can change attribute	1	change_attribute
3	Can delete attribute	1	delete_attribute
4	Can view attribute	1	view_attribute
5	Can add form	2	add_form
6	Can change form	2	change_form
7	Can delete form	2	delete_form
8	Can view form	2	view_form
9	Can add record	3	add_record
10	Can change record	3	change_record
11	Can delete record	3	delete_record
12	Can view record	3	view_record
13	Can add record comment	4	add_recordcomment
14	Can change record comment	4	change_recordcomment
15	Can delete record comment	4	delete_recordcomment
16	Can view record comment	4	view_recordcomment
17	Can add form attribute	5	add_formattribute
18	Can change form attribute	5	change_formattribute
19	Can delete form attribute	5	delete_formattribute
20	Can view form attribute	5	view_formattribute
21	Can add log entry	6	add_logentry
22	Can change log entry	6	change_logentry
23	Can delete log entry	6	delete_logentry
24	Can view log entry	6	view_logentry
25	Can add permission	7	add_permission
26	Can change permission	7	change_permission
27	Can delete permission	7	delete_permission
28	Can view permission	7	view_permission
29	Can add group	8	add_group
30	Can change group	8	change_group
31	Can delete group	8	delete_group
32	Can view group	8	view_group
33	Can add user	9	add_user
34	Can change user	9	change_user
35	Can delete user	9	delete_user
36	Can view user	9	view_user
37	Can add content type	10	add_contenttype
38	Can change content type	10	change_contenttype
39	Can delete content type	10	delete_contenttype
40	Can view content type	10	view_contenttype
41	Can add session	11	add_session
42	Can change session	11	change_session
43	Can delete session	11	delete_session
44	Can view session	11	view_session
45	Can add gallery	12	add_gallery
46	Can change gallery	12	change_gallery
47	Can delete gallery	12	delete_gallery
48	Can view gallery	12	view_gallery
49	Can add form attribute data	13	add_formattributedata
50	Can change form attribute data	13	change_formattributedata
51	Can delete form attribute data	13	delete_formattributedata
52	Can view form attribute data	13	view_formattributedata
53	Can add vote	14	add_vote
54	Can change vote	14	change_vote
55	Can delete vote	14	delete_vote
56	Can view vote	14	view_vote
\.


--
-- Data for Name: auth_user; Type: TABLE DATA; Schema: public; Owner: postgres
--

COPY public.auth_user (id, password, last_login, is_superuser, username, first_name, last_name, email, is_staff, is_active, date_joined) FROM stdin;
16	pbkdf2_sha256$600000$nWSKUpozUvIEG11NWZTk17$4iH9xMWE+DBBjNbvsbYx07wLUofvAvIy+VDZzUk3oIQ=	2024-04-30 12:48:19.779829+02	f	adamm	c	c	adam.melikanttt@gmail.com	f	t	2023-11-22 22:37:17.132503+01
1	pbkdf2_sha256$600000$M50iSbHgllq7QER9uOqeP0$ncVIZyZHOwMKysPHQ9ZzsJcGVvm6YASvdCgViOLg5Rg=	2024-04-30 12:48:29.13813+02	f	admin	Adam	Melikant	adam.melikan@gmail.com	f	t	2023-11-04 19:42:00.35557+01
2	pbkdf2_sha256$600000$M50iSbHgllq7QER9uOqeP0$ncVIZyZHOwMKysPHQ9ZzsJcGVvm6YASvdCgViOLg5Rg=	2024-04-30 12:48:53.129922+02	f	adam	Adam	Melikant	adam.melikant@gmail.com	f	t	2023-11-04 20:10:44.896425+01
\.


--
-- Data for Name: auth_user_groups; Type: TABLE DATA; Schema: public; Owner: postgres
--

COPY public.auth_user_groups (id, user_id, group_id) FROM stdin;
12	16	3
13	2	1
14	1	2
\.


--
-- Data for Name: auth_user_user_permissions; Type: TABLE DATA; Schema: public; Owner: postgres
--

COPY public.auth_user_user_permissions (id, user_id, permission_id) FROM stdin;
\.


--
-- Data for Name: django_admin_log; Type: TABLE DATA; Schema: public; Owner: postgres
--

COPY public.django_admin_log (id, action_time, object_id, object_repr, action_flag, change_message, content_type_id, user_id) FROM stdin;
\.


--
-- Data for Name: django_content_type; Type: TABLE DATA; Schema: public; Owner: postgres
--

COPY public.django_content_type (id, app_label, model) FROM stdin;
1	app_macky	attribute
2	app_macky	form
3	app_macky	record
4	app_macky	recordcomment
5	app_macky	formattribute
6	admin	logentry
7	auth	permission
8	auth	group
9	auth	user
10	contenttypes	contenttype
11	sessions	session
12	app_macky	gallery
13	app_macky	formattributedata
14	app_macky	vote
\.


--
-- Data for Name: django_migrations; Type: TABLE DATA; Schema: public; Owner: postgres
--

COPY public.django_migrations (id, app, name, applied) FROM stdin;
1	app_macky	0001_initial	2023-11-04 19:40:45.269619+01
2	contenttypes	0001_initial	2023-11-04 19:41:25.984536+01
3	auth	0001_initial	2023-11-04 19:41:26.048849+01
4	admin	0001_initial	2023-11-04 19:41:26.06911+01
5	admin	0002_logentry_remove_auto_add	2023-11-04 19:41:26.079998+01
6	admin	0003_logentry_add_action_flag_choices	2023-11-04 19:41:26.089845+01
7	contenttypes	0002_remove_content_type_name	2023-11-04 19:41:26.113441+01
8	auth	0002_alter_permission_name_max_length	2023-11-04 19:41:26.126862+01
9	auth	0003_alter_user_email_max_length	2023-11-04 19:41:26.13797+01
10	auth	0004_alter_user_username_opts	2023-11-04 19:41:26.148515+01
11	auth	0005_alter_user_last_login_null	2023-11-04 19:41:26.159604+01
12	auth	0006_require_contenttypes_0002	2023-11-04 19:41:26.162265+01
13	auth	0007_alter_validators_add_error_messages	2023-11-04 19:41:26.167856+01
14	auth	0008_alter_user_username_max_length	2023-11-04 19:41:26.175902+01
15	auth	0009_alter_user_last_name_max_length	2023-11-04 19:41:26.181763+01
16	auth	0010_alter_group_name_max_length	2023-11-04 19:41:26.188137+01
17	auth	0011_update_proxy_permissions	2023-11-04 19:41:26.195715+01
18	auth	0012_alter_user_first_name_max_length	2023-11-04 19:41:26.201482+01
19	sessions	0001_initial	2023-11-04 19:41:26.210386+01
20	app_macky	0002_form_included_in_gallery_and_more	2023-11-06 22:38:53.672999+01
21	app_macky	0003_remove_formattribute_position_and_more	2023-11-07 17:50:50.517128+01
22	app_macky	0004_gallery_gallery_name	2023-11-12 19:23:07.076795+01
23	app_macky	0005_remove_formattribute_record_and_more	2023-11-12 20:20:39.273708+01
24	app_macky	0006_attribute_updated_at_formattribute_created_at_and_more	2023-11-20 18:53:11.980918+01
25	app_macky	0007_alter_formattribute_display_in_gallery	2023-11-20 18:56:41.485345+01
26	app_macky	0008_remove_record_thumb_down_remove_record_thumb_up	2023-11-22 20:50:22.33643+01
27	app_macky	0009_record_description_recordcomment_aproved_by_admin_and_more	2023-11-24 20:00:32.38949+01
28	app_macky	0010_attribute_required	2023-11-29 19:26:15.271571+01
29	app_macky	0011_remove_attribute_required_formattribute_required	2023-11-29 21:05:23.118752+01
\.


--
-- Data for Name: django_session; Type: TABLE DATA; Schema: public; Owner: postgres
--

COPY public.django_session (session_key, session_data, expire_date) FROM stdin;
8pau0nu39mwqqm3hwwu7063hhbps03jq	eyJhZG1pbl92aWV3IjpmYWxzZX0:1rhrN4:crKBS8lzfeQUz-lj_RtvD10Mz8AjVDLpsMhOEtVRaUA	2024-03-20 14:31:46.276253+01
hvgn9p30vcyplae8moz29811dk4x97z6	eyJhZG1pbl92aWV3IjpmYWxzZX0:1r1Yvk:70aEGKSmc627pliWbELn185_1iiOgT0ansgk7ZgKkO4	2023-11-24 22:20:44.471862+01
00iwn0t4q090w263ilwb2kack2xmzlvr	eyJhZG1pbl92aWV3IjpmYWxzZX0:1r6x6y:a1meW-nMSG3QohLFq1oP98hTCWDo0uE40BfJNI3DbGE	2023-12-09 19:10:36.045859+01
ahbh3ptz4odu7xzmhua13el5obum9o9h	eyJhZG1pbl92aWV3IjpmYWxzZX0:1r2AOE:XeTCAIVJqE1_TtHsDYP9ZiGASgNRO28idYzfxcrkSbk	2023-11-26 14:20:38.892434+01
kuue7oigy6alnpgka6efz976rmg80q52	eyJhZG1pbl92aWV3IjpmYWxzZX0:1r5AtH:1gcsciifIG7lGaeWqXDMUoGvUt8jmiwLylMDKeKH-kw	2023-12-04 21:29:07.449056+01
axx6eebq8909lv1l0a551eyoycx1rq0i	eyJhZG1pbl92aWV3IjpmYWxzZX0:1r6zhq:bNfptZtszAH2_yVPM8wiToheHhSsavN9-NFGkHbVIKI	2023-12-09 21:56:50.741887+01
uyerryepv4b90cvrnxv0uwrsxaucyp1a	eyJhZG1pbl92aWV3IjpmYWxzZX0:1r7KtN:SocyK66B9NX8XpsdaY8ro4MxGuhJwdcdaT09ESYmkCI	2023-12-10 20:34:09.274574+01
2rfzkybzan9a9lrirmxc9ndytolurj14	.eJxVjDsOgzAQBe-ydWRhjM2aMj1nsNbeTXA-RuKTFFHuniDR0L6ZeR8gfuYSXlne0C3TKicItC5DWGeZQmboQMNhi5TuUjbANyrXUaWxLFOOalPUTmfVjyyP8-4eDgaah39tbSXirGCbdEIWm7Aitok8C8XoW9NQ7SK2ztcGrW3YNdqnS2208YII3x-V2T5N:1r5CMC:-coIo5MpFdtu671hiIlpljOJj_fA8-yG0gdwZ_s46HA	2023-12-04 23:03:04.31102+01
cmg8t7og2lh1fgzkgv9ho4c07948qbwn	eyJhZG1pbl92aWV3IjpmYWxzZX0:1r5vOM:bFP0cOz_6f7wF2OaeM_xKZMqPuwBEm68fSJaQtcZI5M	2023-12-06 23:08:18.589768+01
ojpz8vhio15eerhj6gq1adcfoynlnu79	.eJxVjDsOgzAQBe-ydWRhjM2aMj1nsNbeTXA-RuKTFFHuniDR0L6ZeR8gfuYSXlne0C3TKicItC5DWGeZQmboQMNhi5TuUjbANyrXUaWxLFOOalPUTmfVjyyP8-4eDgaah39tbSXirGCbdEIWm7Aitok8C8XoW9NQ7SK2ztcGrW3YNdqnS2208YII3x-V2T5N:1r7FQG:Ze_6qOhcA5zzom1ygyqA82fyfKc18-pK_-4b-U9xlR8	2023-12-10 14:43:44.718092+01
hjfbaouauvna2ouf48r5huorzf6wgibq	.eJxVjDsOgzAQBe-ydWRhjM2aMj1nsNbeTXA-RuKTFFHuniDR0L6ZeR8gfuYSXlne0C3TKicItC5DWGeZQmboQMNhi5TuUjbANyrXUaWxLFOOalPUTmfVjyyP8-4eDgaah39tbSXirGCbdEIWm7Aitok8C8XoW9NQ7SK2ztcGrW3YNdqnS2208YII3x-V2T5N:1r2GnK:ene5QKAD0XFbZ7i9uHgZoHKY1JBdqXTcYUvljLkzZws	2023-11-26 21:10:58.596747+01
k31zdoahoaqoirxt7d3cb6c8qc164rkk	.eJxVjMsOwiAQRf-FtSEWyqtL934DmYHBohWS0urC-O_apJtu7znnfhjEZy7-lenNhgRToxPzsC6jXxvNPkc2sE6zw4gQHlQ2Eu9QbpWHWpY5I98UvtPGrzXSdNndw8EIbfzXQoKMKgTbaexRksNkKEhrorFGOGsCoD6jBCGS0yqh06Y3aBNJlEp17PsD9Ts--Q:1r5vPZ:GcqfJL7gSyHjkQPv3qVKZ0zFpuqrPQ1E0H-vztpvk8w	2023-12-06 23:09:33.485902+01
oj6kvuotycroecwfgi47wi9b9ukd6brf	.eJxVjEEOgyAQAP-y54a4IKAee-8byAJrpbWQiLaHpn9vTLx4nZnMFyi-UnbvxB8YRporX8DRtk5uq7y4FGEACSfmKTw57yI-KN-LCCWvS_JiT8Rhq7iVyPP1aE-Dieq0bwPyGLDX0iJG1VtloyKj2SvZskfbWKu06brOKhODxL5pWLI2xAbbgPD7A5iqPYo:1r2bTu:-9pnUtz0jcJViwqVEUdwiLr9js6vXOT5P-MYzQxMk2o	2023-11-27 19:16:18.405852+01
o7ck8rwwtq36z68x93847cko6ivxumdc	.eJxVjDsOgzAQBe-ydWRhjM2aMj1nsNbeTXA-RuKTFFHuniDR0L6ZeR8gfuYSXlne0C3TKicItC5DWGeZQmboQMNhi5TuUjbANyrXUaWxLFOOalPUTmfVjyyP8-4eDgaah39tbSXirGCbdEIWm7Aitok8C8XoW9NQ7SK2ztcGrW3YNdqnS2208YII3x-V2T5N:1r3LRd:El932RFJ-H7vCpiAAz-yfTes9_A9PzH5Kjqj4Y7Pad0	2023-11-29 20:21:01.815934+01
8qjjfas456gho2etpefrhgw8by89zhdk	.eJxVjDsOgzAQBe-ydWRhjM2aMj1nsNbeTXA-RuKTFFHuniDR0L6ZeR8gfuYSXlne0C3TKicItC5DWGeZQmboQMNhi5TuUjbANyrXUaWxLFOOalPUTmfVjyyP8-4eDgaah39tbSXirGCbdEIWm7Aitok8C8XoW9NQ7SK2ztcGrW3YNdqnS2208YII3x-V2T5N:1r4T0k:JjjgLJfP5a0fYBwsBqpKv5d64Yyf3Bw7Hg3LoPTekQg	2023-12-02 22:37:54.937063+01
457qx0bsa14y5b51yx5ilfl7pxz96lrh	.eJxVjEEOgyAQRe8y64YoCILL7j0DGZix0lpMRNtF07u3Jm7c_vfe_wDSM2X_SvyGbsCp8AU8buvot8KLTwQdSDhtAeOD8w7ojvk2izjndUlB7Io4aBH9TDxdD_d0MGIZ_7XWFbPRbNtYR0uso62QdERHjCG4VjUoTbCtcVJZrRsyTe3iIFWtHFsL3x_PRD6Z:1r8RBd:ZlZY54-ZBAk3S-DwtqDRi4agITGZ_3NS-sWNbxi44lw	2023-12-13 21:29:33.274085+01
dtb6r8cwjpl3uzep2iizv96zj3ih76pa	.eJxVjMsOwiAQRf-FtSEWyqtL934DmYHBohWS0urC-O_apJtu7znnfhjEZy7-lenNhgRToxPzsC6jXxvNPkc2sE6zw4gQHlQ2Eu9QbpWHWpY5I98UvtPGrzXSdNndw8EIbfzXQoKMKgTbaexRksNkKEhrorFGOGsCoD6jBCGS0yqh06Y3aBNJlEp17PsD9Ts--Q:1r6W6L:VmsNzsbs9Nw5yMo5-yKfjnkrUQ4-_ACLTxbvvm0ojc4	2023-12-08 14:20:09.322076+01
gguluaqp2fraraxjhaxi2iu3668gpmo5	.eJxVjDsOgzAQBe-ydWRhjM2aMj1nsNbeTXA-RuKTFFHuniDR0L6ZeR8gfuYSXlne0C3TKicItC5DWGeZQmboQMNhi5TuUjbANyrXUaWxLFOOalPUTmfVjyyP8-4eDgaah39tbSXirGCbdEIWm7Aitok8C8XoW9NQ7SK2ztcGrW3YNdqnS2208YII3x-V2T5N:1r4hYL:JXx8XeT71zr9qBW4wMARL2IER5uezoknHlWVMZNBEIk	2023-12-03 14:09:33.979261+01
0edn92t6qjvhmpitrrlbjjjxx7hvxsqw	.eJxVjDsOwjAQBe_iGllxnHXslPScwVrvLsR8HCkfKBB3J5FSQPtm3rxVxGXu4zLJGDOrThl1-N0S0k3KBviK5TJoGso85qQ3Re900qeB5X7c3b9Aj1O_vgEqEQfiWzLkWYB8hQyEgQVTCq1tsHbJty7U1gM07BoT6FxbY4N4v0aRH7nEZ5aX6uZxkc8XGU0-TQ:1r4iA0:Xrd7_npA39ffzjwXOtWAfxmxKtjMcnddEcP2_Y4zEEU	2023-12-03 14:48:28.232792+01
obah9vgbhsskq9321lldmp0v0wvtwuk0	eyJhZG1pbl92aWV3IjpmYWxzZX0:1s1WbW:shwif-Lgp2NIGJUjWLOfnEWEUCBaj1gsnrfRT6l_TyA	2024-05-13 21:23:58.680391+02
yh4dci4kprkzydjxb7elrl390c5r520n	eyJhZG1pbl92aWV3IjpmYWxzZX0:1r1YsS:52SQ6PEZB_riwwNG-by5_JGXeN3766MKMIjh5-3ZzHQ	2023-11-24 22:17:20.380688+01
1mbob05b65agv1hj7lvok1qd4v78r2wf	.eJxVjMsOwiAQRf-FtSEWyqtL934DmYHBohWS0urC-O_apJtu7znnfhjEZy7-lenNhgRToxPzsC6jXxvNPkc2sE6zw4gQHlQ2Eu9QbpWHWpY5I98UvtPGrzXSdNndw8EIbfzXQoKMKgTbaexRksNkKEhrorFGOGsCoD6jBCGS0yqh06Y3aBNJlEp17PsD9Ts--Q:1r6btk:Gq9_XGO42YfP9N82n4mem4zbiW96LsSppmvKgMflD5k	2023-12-08 20:31:32.715364+01
caku21e782625655ehhhw636v0oc9g4p	eyJhZG1pbl92aWV3IjpmYWxzZX0:1r9sfO:Ahr8NQ_AV_gQkLZ56Ru56b9Ht7iVhdcGPdXDGM9ZnKA	2023-12-17 21:02:14.781725+01
psk9bf2mewly2nybtn4mu67fgudqxt94	eyJhZG1pbl92aWV3IjpmYWxzZX0:1r6rq9:EKLfawFqbnYmbTBZsw8KpONrQ5J-b0etXWsULnE7xgw	2023-12-09 13:32:53.341271+01
oymsibhn8a9f0he33r8tw8y9n94xtl8k	.eJxVjDsOwjAQBe_iGllxnHXslPScwVrvLsR8HCkfKBB3J5FSQPtm3rxVxGXu4zLJGDOrThl1-N0S0k3KBviK5TJoGso85qQ3Re900qeB5X7c3b9Aj1O_vgEqEQfiWzLkWYB8hQyEgQVTCq1tsHbJty7U1gM07BoT6FxbY4N4v0aRH7nEZ5aX6uZxkc8XGU0-TQ:1rAd4l:Up7TK9ZPZ5S-voXrIUht09d5eTfWsQP_DjiPA27GBc8	2023-12-19 22:35:31.812157+01
8qnbzv7br3ps84l6eudbz9c3b5330alu	eyJhZG1pbl92aWV3IjpmYWxzZX0:1r6wYO:vxKZcdMZ9xu17Ylm6lWWIeN-Dw9DmBmiqlZw01NPSDA	2023-12-09 18:34:52.096295+01
k4ijdxnu2mlvgwa1kgofy003w0c5uwqt	eyJhZG1pbl92aWV3IjpmYWxzZX0:1rLUFi:t23co7LyW55KYZmeLNqJyKw7_EqWs-269OvUUl5rDsA	2024-01-18 21:23:42.311687+01
6urlxpe6hlrywhwb5wzht81l5vkk5ni7	eyJhZG1pbl92aWV3IjpmYWxzZX0:1rNXYx:WLrDMLxTQ6OPn8pWRupdLQmW_Zkf9cMoFaQzRyRb9DM	2024-01-24 13:20:03.107759+01
7ivoic3ypt1y1oq3ii7r9woiq9dlvfnr	eyJhZG1pbl92aWV3IjpmYWxzZX0:1s1l2h:jiHQKI3_dDdkukgRyDzqdqm4a4WYxqHBsl-9FDoSiOI	2024-05-14 12:48:59.549+02
tigpwb3o7vf8o5c84t5mwkujhcx9vrv8	.eJxVjEEOgyAQRe8y64YoCILL7j0DGZix0lpMRNtF07u3Jm7c_vfe_wDSM2X_SvyGbsCp8AU8buvot8KLTwQdSDhtAeOD8w7ojvk2izjndUlB7Io4aBH9TDxdD_d0MGIZ_7XWFbPRbNtYR0uso62QdERHjCG4VjUoTbCtcVJZrRsyTe3iIFWtHFsL3x_PRD6Z:1rhcJ9:QahAzUkCPBF4OfH98ZAfw7N8Gb8QH3rIM-gjWs9s7Uw	2024-03-19 22:26:43.686874+01
\.


--
-- Name: app_macky_attribute_id_seq; Type: SEQUENCE SET; Schema: public; Owner: postgres
--

SELECT pg_catalog.setval('public.app_macky_attribute_id_seq', 8, true);


--
-- Name: app_macky_form_id_seq; Type: SEQUENCE SET; Schema: public; Owner: postgres
--

SELECT pg_catalog.setval('public.app_macky_form_id_seq', 15, true);


--
-- Name: app_macky_formattribute_id_seq; Type: SEQUENCE SET; Schema: public; Owner: postgres
--

SELECT pg_catalog.setval('public.app_macky_formattribute_id_seq', 86, true);


--
-- Name: app_macky_formattributedata_id_seq; Type: SEQUENCE SET; Schema: public; Owner: postgres
--

SELECT pg_catalog.setval('public.app_macky_formattributedata_id_seq', 213, true);


--
-- Name: app_macky_gallery_id_seq; Type: SEQUENCE SET; Schema: public; Owner: postgres
--

SELECT pg_catalog.setval('public.app_macky_gallery_id_seq', 23, true);


--
-- Name: app_macky_record_id_seq; Type: SEQUENCE SET; Schema: public; Owner: postgres
--

SELECT pg_catalog.setval('public.app_macky_record_id_seq', 46, true);


--
-- Name: app_macky_recordcomment_id_seq; Type: SEQUENCE SET; Schema: public; Owner: postgres
--

SELECT pg_catalog.setval('public.app_macky_recordcomment_id_seq', 74, true);


--
-- Name: app_macky_vote_id_seq; Type: SEQUENCE SET; Schema: public; Owner: postgres
--

SELECT pg_catalog.setval('public.app_macky_vote_id_seq', 44, true);


--
-- Name: auth_group_id_seq; Type: SEQUENCE SET; Schema: public; Owner: postgres
--

SELECT pg_catalog.setval('public.auth_group_id_seq', 1, false);


--
-- Name: auth_group_permissions_id_seq; Type: SEQUENCE SET; Schema: public; Owner: postgres
--

SELECT pg_catalog.setval('public.auth_group_permissions_id_seq', 1, false);


--
-- Name: auth_permission_id_seq; Type: SEQUENCE SET; Schema: public; Owner: postgres
--

SELECT pg_catalog.setval('public.auth_permission_id_seq', 56, true);


--
-- Name: auth_user_groups_id_seq; Type: SEQUENCE SET; Schema: public; Owner: postgres
--

SELECT pg_catalog.setval('public.auth_user_groups_id_seq', 14, true);


--
-- Name: auth_user_id_seq; Type: SEQUENCE SET; Schema: public; Owner: postgres
--

SELECT pg_catalog.setval('public.auth_user_id_seq', 16, true);


--
-- Name: auth_user_user_permissions_id_seq; Type: SEQUENCE SET; Schema: public; Owner: postgres
--

SELECT pg_catalog.setval('public.auth_user_user_permissions_id_seq', 1, false);


--
-- Name: django_admin_log_id_seq; Type: SEQUENCE SET; Schema: public; Owner: postgres
--

SELECT pg_catalog.setval('public.django_admin_log_id_seq', 1, false);


--
-- Name: django_content_type_id_seq; Type: SEQUENCE SET; Schema: public; Owner: postgres
--

SELECT pg_catalog.setval('public.django_content_type_id_seq', 14, true);


--
-- Name: django_migrations_id_seq; Type: SEQUENCE SET; Schema: public; Owner: postgres
--

SELECT pg_catalog.setval('public.django_migrations_id_seq', 29, true);


--
-- Name: app_macky_attribute app_macky_attribute_pkey; Type: CONSTRAINT; Schema: public; Owner: postgres
--

ALTER TABLE ONLY public.app_macky_attribute
    ADD CONSTRAINT app_macky_attribute_pkey PRIMARY KEY (id);


--
-- Name: app_macky_form app_macky_form_pkey; Type: CONSTRAINT; Schema: public; Owner: postgres
--

ALTER TABLE ONLY public.app_macky_form
    ADD CONSTRAINT app_macky_form_pkey PRIMARY KEY (id);


--
-- Name: app_macky_formattribute app_macky_formattribute_pkey; Type: CONSTRAINT; Schema: public; Owner: postgres
--

ALTER TABLE ONLY public.app_macky_formattribute
    ADD CONSTRAINT app_macky_formattribute_pkey PRIMARY KEY (id);


--
-- Name: app_macky_formattributedata app_macky_formattributedata_pkey; Type: CONSTRAINT; Schema: public; Owner: postgres
--

ALTER TABLE ONLY public.app_macky_formattributedata
    ADD CONSTRAINT app_macky_formattributedata_pkey PRIMARY KEY (id);


--
-- Name: app_macky_gallery app_macky_gallery_form_id_created_at_d3c74245_uniq; Type: CONSTRAINT; Schema: public; Owner: postgres
--

ALTER TABLE ONLY public.app_macky_gallery
    ADD CONSTRAINT app_macky_gallery_form_id_created_at_d3c74245_uniq UNIQUE (form_id, created_at);


--
-- Name: app_macky_gallery app_macky_gallery_pkey; Type: CONSTRAINT; Schema: public; Owner: postgres
--

ALTER TABLE ONLY public.app_macky_gallery
    ADD CONSTRAINT app_macky_gallery_pkey PRIMARY KEY (id);


--
-- Name: app_macky_record app_macky_record_pkey; Type: CONSTRAINT; Schema: public; Owner: postgres
--

ALTER TABLE ONLY public.app_macky_record
    ADD CONSTRAINT app_macky_record_pkey PRIMARY KEY (id);


--
-- Name: app_macky_recordcomment app_macky_recordcomment_pkey; Type: CONSTRAINT; Schema: public; Owner: postgres
--

ALTER TABLE ONLY public.app_macky_recordcomment
    ADD CONSTRAINT app_macky_recordcomment_pkey PRIMARY KEY (id);


--
-- Name: app_macky_vote app_macky_vote_pkey; Type: CONSTRAINT; Schema: public; Owner: postgres
--

ALTER TABLE ONLY public.app_macky_vote
    ADD CONSTRAINT app_macky_vote_pkey PRIMARY KEY (id);


--
-- Name: app_macky_vote app_macky_vote_user_id_record_id_14bff0a6_uniq; Type: CONSTRAINT; Schema: public; Owner: postgres
--

ALTER TABLE ONLY public.app_macky_vote
    ADD CONSTRAINT app_macky_vote_user_id_record_id_14bff0a6_uniq UNIQUE (user_id, record_id);


--
-- Name: auth_group auth_group_name_key; Type: CONSTRAINT; Schema: public; Owner: postgres
--

ALTER TABLE ONLY public.auth_group
    ADD CONSTRAINT auth_group_name_key UNIQUE (name);


--
-- Name: auth_group_permissions auth_group_permissions_group_id_permission_id_0cd325b0_uniq; Type: CONSTRAINT; Schema: public; Owner: postgres
--

ALTER TABLE ONLY public.auth_group_permissions
    ADD CONSTRAINT auth_group_permissions_group_id_permission_id_0cd325b0_uniq UNIQUE (group_id, permission_id);


--
-- Name: auth_group_permissions auth_group_permissions_pkey; Type: CONSTRAINT; Schema: public; Owner: postgres
--

ALTER TABLE ONLY public.auth_group_permissions
    ADD CONSTRAINT auth_group_permissions_pkey PRIMARY KEY (id);


--
-- Name: auth_group auth_group_pkey; Type: CONSTRAINT; Schema: public; Owner: postgres
--

ALTER TABLE ONLY public.auth_group
    ADD CONSTRAINT auth_group_pkey PRIMARY KEY (id);


--
-- Name: auth_permission auth_permission_content_type_id_codename_01ab375a_uniq; Type: CONSTRAINT; Schema: public; Owner: postgres
--

ALTER TABLE ONLY public.auth_permission
    ADD CONSTRAINT auth_permission_content_type_id_codename_01ab375a_uniq UNIQUE (content_type_id, codename);


--
-- Name: auth_permission auth_permission_pkey; Type: CONSTRAINT; Schema: public; Owner: postgres
--

ALTER TABLE ONLY public.auth_permission
    ADD CONSTRAINT auth_permission_pkey PRIMARY KEY (id);


--
-- Name: auth_user_groups auth_user_groups_pkey; Type: CONSTRAINT; Schema: public; Owner: postgres
--

ALTER TABLE ONLY public.auth_user_groups
    ADD CONSTRAINT auth_user_groups_pkey PRIMARY KEY (id);


--
-- Name: auth_user_groups auth_user_groups_user_id_group_id_94350c0c_uniq; Type: CONSTRAINT; Schema: public; Owner: postgres
--

ALTER TABLE ONLY public.auth_user_groups
    ADD CONSTRAINT auth_user_groups_user_id_group_id_94350c0c_uniq UNIQUE (user_id, group_id);


--
-- Name: auth_user auth_user_pkey; Type: CONSTRAINT; Schema: public; Owner: postgres
--

ALTER TABLE ONLY public.auth_user
    ADD CONSTRAINT auth_user_pkey PRIMARY KEY (id);


--
-- Name: auth_user_user_permissions auth_user_user_permissions_pkey; Type: CONSTRAINT; Schema: public; Owner: postgres
--

ALTER TABLE ONLY public.auth_user_user_permissions
    ADD CONSTRAINT auth_user_user_permissions_pkey PRIMARY KEY (id);


--
-- Name: auth_user_user_permissions auth_user_user_permissions_user_id_permission_id_14a6b632_uniq; Type: CONSTRAINT; Schema: public; Owner: postgres
--

ALTER TABLE ONLY public.auth_user_user_permissions
    ADD CONSTRAINT auth_user_user_permissions_user_id_permission_id_14a6b632_uniq UNIQUE (user_id, permission_id);


--
-- Name: auth_user auth_user_username_key; Type: CONSTRAINT; Schema: public; Owner: postgres
--

ALTER TABLE ONLY public.auth_user
    ADD CONSTRAINT auth_user_username_key UNIQUE (username);


--
-- Name: django_admin_log django_admin_log_pkey; Type: CONSTRAINT; Schema: public; Owner: postgres
--

ALTER TABLE ONLY public.django_admin_log
    ADD CONSTRAINT django_admin_log_pkey PRIMARY KEY (id);


--
-- Name: django_content_type django_content_type_app_label_model_76bd3d3b_uniq; Type: CONSTRAINT; Schema: public; Owner: postgres
--

ALTER TABLE ONLY public.django_content_type
    ADD CONSTRAINT django_content_type_app_label_model_76bd3d3b_uniq UNIQUE (app_label, model);


--
-- Name: django_content_type django_content_type_pkey; Type: CONSTRAINT; Schema: public; Owner: postgres
--

ALTER TABLE ONLY public.django_content_type
    ADD CONSTRAINT django_content_type_pkey PRIMARY KEY (id);


--
-- Name: django_migrations django_migrations_pkey; Type: CONSTRAINT; Schema: public; Owner: postgres
--

ALTER TABLE ONLY public.django_migrations
    ADD CONSTRAINT django_migrations_pkey PRIMARY KEY (id);


--
-- Name: django_session django_session_pkey; Type: CONSTRAINT; Schema: public; Owner: postgres
--

ALTER TABLE ONLY public.django_session
    ADD CONSTRAINT django_session_pkey PRIMARY KEY (session_key);


--
-- Name: app_macky_formattribute_attribute_id_5d55ffe2; Type: INDEX; Schema: public; Owner: postgres
--

CREATE INDEX app_macky_formattribute_attribute_id_5d55ffe2 ON public.app_macky_formattribute USING btree (attribute_id);


--
-- Name: app_macky_formattribute_form_id_3e5f4180; Type: INDEX; Schema: public; Owner: postgres
--

CREATE INDEX app_macky_formattribute_form_id_3e5f4180 ON public.app_macky_formattribute USING btree (form_id);


--
-- Name: app_macky_formattributedata_form_attribute_id_29f8eb5e; Type: INDEX; Schema: public; Owner: postgres
--

CREATE INDEX app_macky_formattributedata_form_attribute_id_29f8eb5e ON public.app_macky_formattributedata USING btree (form_attribute_id);


--
-- Name: app_macky_formattributedata_record_id_f7b4a214; Type: INDEX; Schema: public; Owner: postgres
--

CREATE INDEX app_macky_formattributedata_record_id_f7b4a214 ON public.app_macky_formattributedata USING btree (record_id);


--
-- Name: app_macky_gallery_form_id_31b06432; Type: INDEX; Schema: public; Owner: postgres
--

CREATE INDEX app_macky_gallery_form_id_31b06432 ON public.app_macky_gallery USING btree (form_id);


--
-- Name: app_macky_record_user_id_a2ec3712; Type: INDEX; Schema: public; Owner: postgres
--

CREATE INDEX app_macky_record_user_id_a2ec3712 ON public.app_macky_record USING btree (user_id);


--
-- Name: app_macky_recordcomment_record_id_beb6262b; Type: INDEX; Schema: public; Owner: postgres
--

CREATE INDEX app_macky_recordcomment_record_id_beb6262b ON public.app_macky_recordcomment USING btree (record_id);


--
-- Name: app_macky_recordcomment_user_id_44b6aa84; Type: INDEX; Schema: public; Owner: postgres
--

CREATE INDEX app_macky_recordcomment_user_id_44b6aa84 ON public.app_macky_recordcomment USING btree (user_id);


--
-- Name: app_macky_vote_record_id_0bfd990b; Type: INDEX; Schema: public; Owner: postgres
--

CREATE INDEX app_macky_vote_record_id_0bfd990b ON public.app_macky_vote USING btree (record_id);


--
-- Name: app_macky_vote_user_id_49f3861c; Type: INDEX; Schema: public; Owner: postgres
--

CREATE INDEX app_macky_vote_user_id_49f3861c ON public.app_macky_vote USING btree (user_id);


--
-- Name: auth_group_name_a6ea08ec_like; Type: INDEX; Schema: public; Owner: postgres
--

CREATE INDEX auth_group_name_a6ea08ec_like ON public.auth_group USING btree (name varchar_pattern_ops);


--
-- Name: auth_group_permissions_group_id_b120cbf9; Type: INDEX; Schema: public; Owner: postgres
--

CREATE INDEX auth_group_permissions_group_id_b120cbf9 ON public.auth_group_permissions USING btree (group_id);


--
-- Name: auth_group_permissions_permission_id_84c5c92e; Type: INDEX; Schema: public; Owner: postgres
--

CREATE INDEX auth_group_permissions_permission_id_84c5c92e ON public.auth_group_permissions USING btree (permission_id);


--
-- Name: auth_permission_content_type_id_2f476e4b; Type: INDEX; Schema: public; Owner: postgres
--

CREATE INDEX auth_permission_content_type_id_2f476e4b ON public.auth_permission USING btree (content_type_id);


--
-- Name: auth_user_groups_group_id_97559544; Type: INDEX; Schema: public; Owner: postgres
--

CREATE INDEX auth_user_groups_group_id_97559544 ON public.auth_user_groups USING btree (group_id);


--
-- Name: auth_user_groups_user_id_6a12ed8b; Type: INDEX; Schema: public; Owner: postgres
--

CREATE INDEX auth_user_groups_user_id_6a12ed8b ON public.auth_user_groups USING btree (user_id);


--
-- Name: auth_user_user_permissions_permission_id_1fbb5f2c; Type: INDEX; Schema: public; Owner: postgres
--

CREATE INDEX auth_user_user_permissions_permission_id_1fbb5f2c ON public.auth_user_user_permissions USING btree (permission_id);


--
-- Name: auth_user_user_permissions_user_id_a95ead1b; Type: INDEX; Schema: public; Owner: postgres
--

CREATE INDEX auth_user_user_permissions_user_id_a95ead1b ON public.auth_user_user_permissions USING btree (user_id);


--
-- Name: auth_user_username_6821ab7c_like; Type: INDEX; Schema: public; Owner: postgres
--

CREATE INDEX auth_user_username_6821ab7c_like ON public.auth_user USING btree (username varchar_pattern_ops);


--
-- Name: django_admin_log_content_type_id_c4bce8eb; Type: INDEX; Schema: public; Owner: postgres
--

CREATE INDEX django_admin_log_content_type_id_c4bce8eb ON public.django_admin_log USING btree (content_type_id);


--
-- Name: django_admin_log_user_id_c564eba6; Type: INDEX; Schema: public; Owner: postgres
--

CREATE INDEX django_admin_log_user_id_c564eba6 ON public.django_admin_log USING btree (user_id);


--
-- Name: django_session_expire_date_a5c62663; Type: INDEX; Schema: public; Owner: postgres
--

CREATE INDEX django_session_expire_date_a5c62663 ON public.django_session USING btree (expire_date);


--
-- Name: django_session_session_key_c0390e0f_like; Type: INDEX; Schema: public; Owner: postgres
--

CREATE INDEX django_session_session_key_c0390e0f_like ON public.django_session USING btree (session_key varchar_pattern_ops);


--
-- Name: app_macky_formattribute app_macky_formattrib_attribute_id_5d55ffe2_fk_app_macky; Type: FK CONSTRAINT; Schema: public; Owner: postgres
--

ALTER TABLE ONLY public.app_macky_formattribute
    ADD CONSTRAINT app_macky_formattrib_attribute_id_5d55ffe2_fk_app_macky FOREIGN KEY (attribute_id) REFERENCES public.app_macky_attribute(id) DEFERRABLE INITIALLY DEFERRED;


--
-- Name: app_macky_formattributedata app_macky_formattrib_form_attribute_id_29f8eb5e_fk_app_macky; Type: FK CONSTRAINT; Schema: public; Owner: postgres
--

ALTER TABLE ONLY public.app_macky_formattributedata
    ADD CONSTRAINT app_macky_formattrib_form_attribute_id_29f8eb5e_fk_app_macky FOREIGN KEY (form_attribute_id) REFERENCES public.app_macky_formattribute(id) DEFERRABLE INITIALLY DEFERRED;


--
-- Name: app_macky_formattributedata app_macky_formattrib_record_id_f7b4a214_fk_app_macky; Type: FK CONSTRAINT; Schema: public; Owner: postgres
--

ALTER TABLE ONLY public.app_macky_formattributedata
    ADD CONSTRAINT app_macky_formattrib_record_id_f7b4a214_fk_app_macky FOREIGN KEY (record_id) REFERENCES public.app_macky_record(id) DEFERRABLE INITIALLY DEFERRED;


--
-- Name: app_macky_formattribute app_macky_formattribute_form_id_3e5f4180_fk_app_macky_form_id; Type: FK CONSTRAINT; Schema: public; Owner: postgres
--

ALTER TABLE ONLY public.app_macky_formattribute
    ADD CONSTRAINT app_macky_formattribute_form_id_3e5f4180_fk_app_macky_form_id FOREIGN KEY (form_id) REFERENCES public.app_macky_form(id) DEFERRABLE INITIALLY DEFERRED;


--
-- Name: app_macky_gallery app_macky_gallery_form_id_31b06432_fk_app_macky_form_id; Type: FK CONSTRAINT; Schema: public; Owner: postgres
--

ALTER TABLE ONLY public.app_macky_gallery
    ADD CONSTRAINT app_macky_gallery_form_id_31b06432_fk_app_macky_form_id FOREIGN KEY (form_id) REFERENCES public.app_macky_form(id) DEFERRABLE INITIALLY DEFERRED;


--
-- Name: app_macky_record app_macky_record_user_id_a2ec3712_fk_auth_user_id; Type: FK CONSTRAINT; Schema: public; Owner: postgres
--

ALTER TABLE ONLY public.app_macky_record
    ADD CONSTRAINT app_macky_record_user_id_a2ec3712_fk_auth_user_id FOREIGN KEY (user_id) REFERENCES public.auth_user(id) DEFERRABLE INITIALLY DEFERRED;


--
-- Name: app_macky_recordcomment app_macky_recordcomm_record_id_beb6262b_fk_app_macky; Type: FK CONSTRAINT; Schema: public; Owner: postgres
--

ALTER TABLE ONLY public.app_macky_recordcomment
    ADD CONSTRAINT app_macky_recordcomm_record_id_beb6262b_fk_app_macky FOREIGN KEY (record_id) REFERENCES public.app_macky_record(id) DEFERRABLE INITIALLY DEFERRED;


--
-- Name: app_macky_recordcomment app_macky_recordcomment_user_id_44b6aa84_fk_auth_user_id; Type: FK CONSTRAINT; Schema: public; Owner: postgres
--

ALTER TABLE ONLY public.app_macky_recordcomment
    ADD CONSTRAINT app_macky_recordcomment_user_id_44b6aa84_fk_auth_user_id FOREIGN KEY (user_id) REFERENCES public.auth_user(id) DEFERRABLE INITIALLY DEFERRED;


--
-- Name: app_macky_vote app_macky_vote_record_id_0bfd990b_fk_app_macky_record_id; Type: FK CONSTRAINT; Schema: public; Owner: postgres
--

ALTER TABLE ONLY public.app_macky_vote
    ADD CONSTRAINT app_macky_vote_record_id_0bfd990b_fk_app_macky_record_id FOREIGN KEY (record_id) REFERENCES public.app_macky_record(id) DEFERRABLE INITIALLY DEFERRED;


--
-- Name: app_macky_vote app_macky_vote_user_id_49f3861c_fk_auth_user_id; Type: FK CONSTRAINT; Schema: public; Owner: postgres
--

ALTER TABLE ONLY public.app_macky_vote
    ADD CONSTRAINT app_macky_vote_user_id_49f3861c_fk_auth_user_id FOREIGN KEY (user_id) REFERENCES public.auth_user(id) DEFERRABLE INITIALLY DEFERRED;


--
-- Name: auth_group_permissions auth_group_permissio_permission_id_84c5c92e_fk_auth_perm; Type: FK CONSTRAINT; Schema: public; Owner: postgres
--

ALTER TABLE ONLY public.auth_group_permissions
    ADD CONSTRAINT auth_group_permissio_permission_id_84c5c92e_fk_auth_perm FOREIGN KEY (permission_id) REFERENCES public.auth_permission(id) DEFERRABLE INITIALLY DEFERRED;


--
-- Name: auth_group_permissions auth_group_permissions_group_id_b120cbf9_fk_auth_group_id; Type: FK CONSTRAINT; Schema: public; Owner: postgres
--

ALTER TABLE ONLY public.auth_group_permissions
    ADD CONSTRAINT auth_group_permissions_group_id_b120cbf9_fk_auth_group_id FOREIGN KEY (group_id) REFERENCES public.auth_group(id) DEFERRABLE INITIALLY DEFERRED;


--
-- Name: auth_permission auth_permission_content_type_id_2f476e4b_fk_django_co; Type: FK CONSTRAINT; Schema: public; Owner: postgres
--

ALTER TABLE ONLY public.auth_permission
    ADD CONSTRAINT auth_permission_content_type_id_2f476e4b_fk_django_co FOREIGN KEY (content_type_id) REFERENCES public.django_content_type(id) DEFERRABLE INITIALLY DEFERRED;


--
-- Name: auth_user_groups auth_user_groups_group_id_97559544_fk_auth_group_id; Type: FK CONSTRAINT; Schema: public; Owner: postgres
--

ALTER TABLE ONLY public.auth_user_groups
    ADD CONSTRAINT auth_user_groups_group_id_97559544_fk_auth_group_id FOREIGN KEY (group_id) REFERENCES public.auth_group(id) DEFERRABLE INITIALLY DEFERRED;


--
-- Name: auth_user_groups auth_user_groups_user_id_6a12ed8b_fk_auth_user_id; Type: FK CONSTRAINT; Schema: public; Owner: postgres
--

ALTER TABLE ONLY public.auth_user_groups
    ADD CONSTRAINT auth_user_groups_user_id_6a12ed8b_fk_auth_user_id FOREIGN KEY (user_id) REFERENCES public.auth_user(id) DEFERRABLE INITIALLY DEFERRED;


--
-- Name: auth_user_user_permissions auth_user_user_permi_permission_id_1fbb5f2c_fk_auth_perm; Type: FK CONSTRAINT; Schema: public; Owner: postgres
--

ALTER TABLE ONLY public.auth_user_user_permissions
    ADD CONSTRAINT auth_user_user_permi_permission_id_1fbb5f2c_fk_auth_perm FOREIGN KEY (permission_id) REFERENCES public.auth_permission(id) DEFERRABLE INITIALLY DEFERRED;


--
-- Name: auth_user_user_permissions auth_user_user_permissions_user_id_a95ead1b_fk_auth_user_id; Type: FK CONSTRAINT; Schema: public; Owner: postgres
--

ALTER TABLE ONLY public.auth_user_user_permissions
    ADD CONSTRAINT auth_user_user_permissions_user_id_a95ead1b_fk_auth_user_id FOREIGN KEY (user_id) REFERENCES public.auth_user(id) DEFERRABLE INITIALLY DEFERRED;


--
-- Name: django_admin_log django_admin_log_content_type_id_c4bce8eb_fk_django_co; Type: FK CONSTRAINT; Schema: public; Owner: postgres
--

ALTER TABLE ONLY public.django_admin_log
    ADD CONSTRAINT django_admin_log_content_type_id_c4bce8eb_fk_django_co FOREIGN KEY (content_type_id) REFERENCES public.django_content_type(id) DEFERRABLE INITIALLY DEFERRED;


--
-- Name: django_admin_log django_admin_log_user_id_c564eba6_fk_auth_user_id; Type: FK CONSTRAINT; Schema: public; Owner: postgres
--

ALTER TABLE ONLY public.django_admin_log
    ADD CONSTRAINT django_admin_log_user_id_c564eba6_fk_auth_user_id FOREIGN KEY (user_id) REFERENCES public.auth_user(id) DEFERRABLE INITIALLY DEFERRED;


--
-- PostgreSQL database dump complete
--

